sequence_count,bytecode
1,60FF603350
50,60FF60335060FF60335060FF60335060FF60335060FF60335060FF60335060FF60335060FF60335060FF60335060FF60335060FF60335060FF60335060FF60335060FF60335060FF60335060FF60335060FF60335060FF60335060FF60335060FF60335060FF60335060FF60335060FF60335060FF60335060FF60335060FF60335060FF60335060FF60335060FF60335060FF60335060FF60335060FF60335060FF60335060FF60335060FF60335060FF60335060FF60335060FF60335060FF60335060FF60335060FF60335060FF60335060FF60335060FF60335060FF60335060FF60335060FF60335060FF60335060FF60335060FF603350
100,60FF60335060FF60335060FF60335060FF60335060FF60335060FF60335060FF60335060FF60335060FF60335060FF60335060FF60335060FF60335060FF60335060FF60335060FF60335060FF60335060FF60335060FF60335060FF60335060FF60335060FF60335060FF60335060FF60335060FF60335060FF60335060FF60335060FF60335060FF60335060FF60335060FF60335060FF60335060FF60335060FF60335060FF60335060FF60335060FF60335060FF60335060FF60335060FF60335060FF60335060FF60335060FF60335060FF60335060FF60335060FF60335060FF60335060FF60335060FF60335060FF60335060FF60335060FF60335060FF60335060FF60335060FF60335060FF60335060FF60335060FF60335060FF60335060FF60335060FF60335060FF60335060FF60335060FF60335060FF60335060FF60335060FF60335060FF60335060FF60335060FF60335060FF60335060FF60335060FF60335060FF60335060FF60335060FF60335060FF60335060FF60335060FF60335060FF60335060FF60335060FF60335060FF60335060FF60335060FF60335060FF60335060FF60335060FF60335060FF60335060FF60335060FF60335060FF60335060FF60335060FF60335060FF60335060FF60335060FF60335060FF60335060FF60335060FF60335060FF603350
150,60FF60335060FF60335060FF60335060FF60335060FF60335060FF60335060FF60335060FF60335060FF60335060FF60335060FF60335060FF60335060FF60335060FF60335060FF60335060FF60335060FF60335060FF60335060FF60335060FF60335060FF60335060FF60335060FF60335060FF60335060FF60335060FF60335060FF60335060FF60335060FF60335060FF60335060FF60335060FF60335060FF60335060FF60335060FF60335060FF60335060FF60335060FF60335060FF60335060FF60335060FF60335060FF60335060FF60335060FF60335060FF60335060FF60335060FF60335060FF60335060FF60335060FF60335060FF60335060FF60335060FF60335060FF60335060FF60335060FF60335060FF60335060FF60335060FF60335060FF60335060FF60335060FF60335060FF60335060FF60335060FF60335060FF60335060FF60335060FF60335060FF60335060FF60335060FF60335060FF60335060FF60335060FF60335060FF60335060FF60335060FF60335060FF60335060FF60335060FF60335060FF60335060FF60335060FF60335060FF60335060FF60335060FF60335060FF60335060FF60335060FF60335060FF60335060FF60335060FF60335060FF60335060FF60335060FF60335060FF60335060FF60335060FF60335060FF60335060FF60335060FF60335060FF60335060FF60335060FF60335060FF60335060FF60335060FF60335060FF60335060FF60335060FF60335060FF60335060FF60335060FF60335060FF60335060FF60335060FF60335060FF60335060FF60335060FF60335060FF60335060FF60335060FF60335060FF60335060FF60335060FF60335060FF60335060FF60335060FF60335060FF60335060FF60335060FF60335060FF60335060FF60335060FF60335060FF60335060FF60335060FF60335060FF60335060FF60335060FF60335060FF60335060FF60335060FF60335060FF60335060FF60335060FF60335060FF60335060FF60335060FF60335060FF603350
200,60FF60335060FF60335060FF60335060FF60335060FF60335060FF60335060FF60335060FF60335060FF60335060FF60335060FF60335060FF60335060FF60335060FF60335060FF60335060FF60335060FF60335060FF60335060FF60335060FF60335060FF60335060FF60335060FF60335060FF60335060FF60335060FF60335060FF60335060FF60335060FF60335060FF60335060FF60335060FF60335060FF60335060FF60335060FF60335060FF60335060FF60335060FF60335060FF60335060FF60335060FF60335060FF60335060FF60335060FF60335060FF60335060FF60335060FF60335060FF60335060FF60335060FF60335060FF60335060FF60335060FF60335060FF60335060FF60335060FF60335060FF60335060FF60335060FF60335060FF60335060FF60335060FF60335060FF60335060FF60335060FF60335060FF60335060FF60335060FF60335060FF60335060FF60335060FF60335060FF60335060FF60335060FF60335060FF60335060FF60335060FF60335060FF60335060FF60335060FF60335060FF60335060FF60335060FF60335060FF60335060FF60335060FF60335060FF60335060FF60335060FF60335060FF60335060FF60335060FF60335060FF60335060FF60335060FF60335060FF60335060FF60335060FF60335060FF60335060FF60335060FF60335060FF60335060FF60335060FF60335060FF60335060FF60335060FF60335060FF60335060FF60335060FF60335060FF60335060FF60335060FF60335060FF60335060FF60335060FF60335060FF60335060FF60335060FF60335060FF60335060FF60335060FF60335060FF60335060FF60335060FF60335060FF60335060FF60335060FF60335060FF60335060FF60335060FF60335060FF60335060FF60335060FF60335060FF60335060FF60335060FF60335060FF60335060FF60335060FF60335060FF60335060FF60335060FF60335060FF60335060FF60335060FF60335060FF60335060FF60335060FF60335060FF60335060FF60335060FF60335060FF60335060FF60335060FF60335060FF60335060FF60335060FF60335060FF60335060FF60335060FF60335060FF60335060FF60335060FF60335060FF60335060FF60335060FF60335060FF60335060FF60335060FF60335060FF60335060FF60335060FF60335060FF60335060FF60335060FF60335060FF60335060FF60335060FF60335060FF60335060FF60335060FF60335060FF60335060FF60335060FF60335060FF60335060FF60335060FF60335060FF60335060FF60335060FF60335060FF60335060FF60335060FF60335060FF60335060FF60335060FF60335060FF60335060FF60335060FF603350
250,60FF60335060FF60335060FF60335060FF60335060FF60335060FF60335060FF60335060FF60335060FF60335060FF60335060FF60335060FF60335060FF60335060FF60335060FF60335060FF60335060FF60335060FF60335060FF60335060FF60335060FF60335060FF60335060FF60335060FF60335060FF60335060FF60335060FF60335060FF60335060FF60335060FF60335060FF60335060FF60335060FF60335060FF60335060FF60335060FF60335060FF60335060FF60335060FF60335060FF60335060FF60335060FF60335060FF60335060FF60335060FF60335060FF60335060FF60335060FF60335060FF60335060FF60335060FF60335060FF60335060FF60335060FF60335060FF60335060FF60335060FF60335060FF60335060FF60335060FF60335060FF60335060FF60335060FF60335060FF60335060FF60335060FF60335060FF60335060FF60335060FF60335060FF60335060FF60335060FF60335060FF60335060FF60335060FF60335060FF60335060FF60335060FF60335060FF60335060FF60335060FF60335060FF60335060FF60335060FF60335060FF60335060FF60335060FF60335060FF60335060FF60335060FF60335060FF60335060FF60335060FF60335060FF60335060FF60335060FF60335060FF60335060FF60335060FF60335060FF60335060FF60335060FF60335060FF60335060FF60335060FF60335060FF60335060FF60335060FF60335060FF60335060FF60335060FF60335060FF60335060FF60335060FF60335060FF60335060FF60335060FF60335060FF60335060FF60335060FF60335060FF60335060FF60335060FF60335060FF60335060FF60335060FF60335060FF60335060FF60335060FF60335060FF60335060FF60335060FF60335060FF60335060FF60335060FF60335060FF60335060FF60335060FF60335060FF60335060FF60335060FF60335060FF60335060FF60335060FF60335060FF60335060FF60335060FF60335060FF60335060FF60335060FF60335060FF60335060FF60335060FF60335060FF60335060FF60335060FF60335060FF60335060FF60335060FF60335060FF60335060FF60335060FF60335060FF60335060FF60335060FF60335060FF60335060FF60335060FF60335060FF60335060FF60335060FF60335060FF60335060FF60335060FF60335060FF60335060FF60335060FF60335060FF60335060FF60335060FF60335060FF60335060FF60335060FF60335060FF60335060FF60335060FF60335060FF60335060FF60335060FF60335060FF60335060FF60335060FF60335060FF60335060FF60335060FF60335060FF60335060FF60335060FF60335060FF60335060FF60335060FF60335060FF60335060FF60335060FF60335060FF60335060FF60335060FF60335060FF60335060FF60335060FF60335060FF60335060FF60335060FF60335060FF60335060FF60335060FF60335060FF60335060FF60335060FF60335060FF60335060FF60335060FF60335060FF60335060FF60335060FF60335060FF60335060FF60335060FF60335060FF60335060FF60335060FF60335060FF60335060FF60335060FF60335060FF60335060FF60335060FF60335060FF60335060FF60335060FF60335060FF60335060FF60335060FF60335060FF60335060FF60335060FF60335060FF60335060FF60335060FF60335060FF603350
300,60FF60335060FF60335060FF60335060FF60335060FF60335060FF60335060FF60335060FF60335060FF60335060FF60335060FF60335060FF60335060FF60335060FF60335060FF60335060FF60335060FF60335060FF60335060FF60335060FF60335060FF60335060FF60335060FF60335060FF60335060FF60335060FF60335060FF60335060FF60335060FF60335060FF60335060FF60335060FF60335060FF60335060FF60335060FF60335060FF60335060FF60335060FF60335060FF60335060FF60335060FF60335060FF60335060FF60335060FF60335060FF60335060FF60335060FF60335060FF60335060FF60335060FF60335060FF60335060FF60335060FF60335060FF60335060FF60335060FF60335060FF60335060FF60335060FF60335060FF60335060FF60335060FF60335060FF60335060FF60335060FF60335060FF60335060FF60335060FF60335060FF60335060FF60335060FF60335060FF60335060FF60335060FF60335060FF60335060FF60335060FF60335060FF60335060FF60335060FF60335060FF60335060FF60335060FF60335060FF60335060FF60335060FF60335060FF60335060FF60335060FF60335060FF60335060FF60335060FF60335060FF60335060FF60335060FF60335060FF60335060FF60335060FF60335060FF60335060FF60335060FF60335060FF60335060FF60335060FF60335060FF60335060FF60335060FF60335060FF60335060FF60335060FF60335060FF60335060FF60335060FF60335060FF60335060FF60335060FF60335060FF60335060FF60335060FF60335060FF60335060FF60335060FF60335060FF60335060FF60335060FF60335060FF60335060FF60335060FF60335060FF60335060FF60335060FF60335060FF60335060FF60335060FF60335060FF60335060FF60335060FF60335060FF60335060FF60335060FF60335060FF60335060FF60335060FF60335060FF60335060FF60335060FF60335060FF60335060FF60335060FF60335060FF60335060FF60335060FF60335060FF60335060FF60335060FF60335060FF60335060FF60335060FF60335060FF60335060FF60335060FF60335060FF60335060FF60335060FF60335060FF60335060FF60335060FF60335060FF60335060FF60335060FF60335060FF60335060FF60335060FF60335060FF60335060FF60335060FF60335060FF60335060FF60335060FF60335060FF60335060FF60335060FF60335060FF60335060FF60335060FF60335060FF60335060FF60335060FF60335060FF60335060FF60335060FF60335060FF60335060FF60335060FF60335060FF60335060FF60335060FF60335060FF60335060FF60335060FF60335060FF60335060FF60335060FF60335060FF60335060FF60335060FF60335060FF60335060FF60335060FF60335060FF60335060FF60335060FF60335060FF60335060FF60335060FF60335060FF60335060FF60335060FF60335060FF60335060FF60335060FF60335060FF60335060FF60335060FF60335060FF60335060FF60335060FF60335060FF60335060FF60335060FF60335060FF60335060FF60335060FF60335060FF60335060FF60335060FF60335060FF60335060FF60335060FF60335060FF60335060FF60335060FF60335060FF60335060FF60335060FF60335060FF60335060FF60335060FF60335060FF60335060FF60335060FF60335060FF60335060FF60335060FF60335060FF60335060FF60335060FF60335060FF60335060FF60335060FF60335060FF60335060FF60335060FF60335060FF60335060FF60335060FF60335060FF60335060FF60335060FF60335060FF60335060FF60335060FF60335060FF60335060FF60335060FF60335060FF60335060FF60335060FF60335060FF60335060FF60335060FF60335060FF60335060FF60335060FF60335060FF60335060FF60335060FF60335060FF60335060FF60335060FF60335060FF60335060FF60335060FF60335060FF60335060FF60335060FF60335060FF60335060FF60335060FF60335060FF603350
350,60FF60335060FF60335060FF60335060FF60335060FF60335060FF60335060FF60335060FF60335060FF60335060FF60335060FF60335060FF60335060FF60335060FF60335060FF60335060FF60335060FF60335060FF60335060FF60335060FF60335060FF60335060FF60335060FF60335060FF60335060FF60335060FF60335060FF60335060FF60335060FF60335060FF60335060FF60335060FF60335060FF60335060FF60335060FF60335060FF60335060FF60335060FF60335060FF60335060FF60335060FF60335060FF60335060FF60335060FF60335060FF60335060FF60335060FF60335060FF60335060FF60335060FF60335060FF60335060FF60335060FF60335060FF60335060FF60335060FF60335060FF60335060FF60335060FF60335060FF60335060FF60335060FF60335060FF60335060FF60335060FF60335060FF60335060FF60335060FF60335060FF60335060FF60335060FF60335060FF60335060FF60335060FF60335060FF60335060FF60335060FF60335060FF60335060FF60335060FF60335060FF60335060FF60335060FF60335060FF60335060FF60335060FF60335060FF60335060FF60335060FF60335060FF60335060FF60335060FF60335060FF60335060FF60335060FF60335060FF60335060FF60335060FF60335060FF60335060FF60335060FF60335060FF60335060FF60335060FF60335060FF60335060FF60335060FF60335060FF60335060FF60335060FF60335060FF60335060FF60335060FF60335060FF60335060FF60335060FF60335060FF60335060FF60335060FF60335060FF60335060FF60335060FF60335060FF60335060FF60335060FF60335060FF60335060FF60335060FF60335060FF60335060FF60335060FF60335060FF60335060FF60335060FF60335060FF60335060FF60335060FF60335060FF60335060FF60335060FF60335060FF60335060FF60335060FF60335060FF60335060FF60335060FF60335060FF60335060FF60335060FF60335060FF60335060FF60335060FF60335060FF60335060FF60335060FF60335060FF60335060FF60335060FF60335060FF60335060FF60335060FF60335060FF60335060FF60335060FF60335060FF60335060FF60335060FF60335060FF60335060FF60335060FF60335060FF60335060FF60335060FF60335060FF60335060FF60335060FF60335060FF60335060FF60335060FF60335060FF60335060FF60335060FF60335060FF60335060FF60335060FF60335060FF60335060FF60335060FF60335060FF60335060FF60335060FF60335060FF60335060FF60335060FF60335060FF60335060FF60335060FF60335060FF60335060FF60335060FF60335060FF60335060FF60335060FF60335060FF60335060FF60335060FF60335060FF60335060FF60335060FF60335060FF60335060FF60335060FF60335060FF60335060FF60335060FF60335060FF60335060FF60335060FF60335060FF60335060FF60335060FF60335060FF60335060FF60335060FF60335060FF60335060FF60335060FF60335060FF60335060FF60335060FF60335060FF60335060FF60335060FF60335060FF60335060FF60335060FF60335060FF60335060FF60335060FF60335060FF60335060FF60335060FF60335060FF60335060FF60335060FF60335060FF60335060FF60335060FF60335060FF60335060FF60335060FF60335060FF60335060FF60335060FF60335060FF60335060FF60335060FF60335060FF60335060FF60335060FF60335060FF60335060FF60335060FF60335060FF60335060FF60335060FF60335060FF60335060FF60335060FF60335060FF60335060FF60335060FF60335060FF60335060FF60335060FF60335060FF60335060FF60335060FF60335060FF60335060FF60335060FF60335060FF60335060FF60335060FF60335060FF60335060FF60335060FF60335060FF60335060FF60335060FF60335060FF60335060FF60335060FF60335060FF60335060FF60335060FF60335060FF60335060FF60335060FF60335060FF60335060FF60335060FF60335060FF60335060FF60335060FF60335060FF60335060FF60335060FF60335060FF60335060FF60335060FF60335060FF60335060FF60335060FF60335060FF60335060FF60335060FF60335060FF60335060FF60335060FF60335060FF60335060FF60335060FF60335060FF60335060FF60335060FF60335060FF60335060FF60335060FF60335060FF60335060FF60335060FF60335060FF60335060FF60335060FF60335060FF60335060FF60335060FF60335060FF60335060FF60335060FF60335060FF60335060FF60335060FF60335060FF60335060FF60335060FF60335060FF60335060FF60335060FF603350
400,60FF60335060FF60335060FF60335060FF60335060FF60335060FF60335060FF60335060FF60335060FF60335060FF60335060FF60335060FF60335060FF60335060FF60335060FF60335060FF60335060FF60335060FF60335060FF60335060FF60335060FF60335060FF60335060FF60335060FF60335060FF60335060FF60335060FF60335060FF60335060FF60335060FF60335060FF60335060FF60335060FF60335060FF60335060FF60335060FF60335060FF60335060FF60335060FF60335060FF60335060FF60335060FF60335060FF60335060FF60335060FF60335060FF60335060FF60335060FF60335060FF60335060FF60335060FF60335060FF60335060FF60335060FF60335060FF60335060FF60335060FF60335060FF60335060FF60335060FF60335060FF60335060FF60335060FF60335060FF60335060FF60335060FF60335060FF60335060FF60335060FF60335060FF60335060FF60335060FF60335060FF60335060FF60335060FF60335060FF60335060FF60335060FF60335060FF60335060FF60335060FF60335060FF60335060FF60335060FF60335060FF60335060FF60335060FF60335060FF60335060FF60335060FF60335060FF60335060FF60335060FF60335060FF60335060FF60335060FF60335060FF60335060FF60335060FF60335060FF60335060FF60335060FF60335060FF60335060FF60335060FF60335060FF60335060FF60335060FF60335060FF60335060FF60335060FF60335060FF60335060FF60335060FF60335060FF60335060FF60335060FF60335060FF60335060FF60335060FF60335060FF60335060FF60335060FF60335060FF60335060FF60335060FF60335060FF60335060FF60335060FF60335060FF60335060FF60335060FF60335060FF60335060FF60335060FF60335060FF60335060FF60335060FF60335060FF60335060FF60335060FF60335060FF60335060FF60335060FF60335060FF60335060FF60335060FF60335060FF60335060FF60335060FF60335060FF60335060FF60335060FF60335060FF60335060FF60335060FF60335060FF60335060FF60335060FF60335060FF60335060FF60335060FF60335060FF60335060FF60335060FF60335060FF60335060FF60335060FF60335060FF60335060FF60335060FF60335060FF60335060FF60335060FF60335060FF60335060FF60335060FF60335060FF60335060FF60335060FF60335060FF60335060FF60335060FF60335060FF60335060FF60335060FF60335060FF60335060FF60335060FF60335060FF60335060FF60335060FF60335060FF60335060FF60335060FF60335060FF60335060FF60335060FF60335060FF60335060FF60335060FF60335060FF60335060FF60335060FF60335060FF60335060FF60335060FF60335060FF60335060FF60335060FF60335060FF60335060FF60335060FF60335060FF60335060FF60335060FF60335060FF60335060FF60335060FF60335060FF60335060FF60335060FF60335060FF60335060FF60335060FF60335060FF60335060FF60335060FF60335060FF60335060FF60335060FF60335060FF60335060FF60335060FF60335060FF60335060FF60335060FF60335060FF60335060FF60335060FF60335060FF60335060FF60335060FF60335060FF60335060FF60335060FF60335060FF60335060FF60335060FF60335060FF60335060FF60335060FF60335060FF60335060FF60335060FF60335060FF60335060FF60335060FF60335060FF60335060FF60335060FF60335060FF60335060FF60335060FF60335060FF60335060FF60335060FF60335060FF60335060FF60335060FF60335060FF60335060FF60335060FF60335060FF60335060FF60335060FF60335060FF60335060FF60335060FF60335060FF60335060FF60335060FF60335060FF60335060FF60335060FF60335060FF60335060FF60335060FF60335060FF60335060FF60335060FF60335060FF60335060FF60335060FF60335060FF60335060FF60335060FF60335060FF60335060FF60335060FF60335060FF60335060FF60335060FF60335060FF60335060FF60335060FF60335060FF60335060FF60335060FF60335060FF60335060FF60335060FF60335060FF60335060FF60335060FF60335060FF60335060FF60335060FF60335060FF60335060FF60335060FF60335060FF60335060FF60335060FF60335060FF60335060FF60335060FF60335060FF60335060FF60335060FF60335060FF60335060FF60335060FF60335060FF60335060FF60335060FF60335060FF60335060FF60335060FF60335060FF60335060FF60335060FF60335060FF60335060FF60335060FF60335060FF60335060FF60335060FF60335060FF60335060FF60335060FF60335060FF60335060FF60335060FF60335060FF60335060FF60335060FF60335060FF60335060FF60335060FF60335060FF60335060FF60335060FF60335060FF60335060FF60335060FF60335060FF60335060FF60335060FF60335060FF60335060FF60335060FF60335060FF60335060FF60335060FF60335060FF60335060FF60335060FF60335060FF60335060FF60335060FF60335060FF60335060FF60335060FF60335060FF60335060FF60335060FF60335060FF60335060FF60335060FF60335060FF60335060FF60335060FF60335060FF60335060FF60335060FF60335060FF60335060FF60335060FF60335060FF603350
450,60FF60335060FF60335060FF60335060FF60335060FF60335060FF60335060FF60335060FF60335060FF60335060FF60335060FF60335060FF60335060FF60335060FF60335060FF60335060FF60335060FF60335060FF60335060FF60335060FF60335060FF60335060FF60335060FF60335060FF60335060FF60335060FF60335060FF60335060FF60335060FF60335060FF60335060FF60335060FF60335060FF60335060FF60335060FF60335060FF60335060FF60335060FF60335060FF60335060FF60335060FF60335060FF60335060FF60335060FF60335060FF60335060FF60335060FF60335060FF60335060FF60335060FF60335060FF60335060FF60335060FF60335060FF60335060FF60335060FF60335060FF60335060FF60335060FF60335060FF60335060FF60335060FF60335060FF60335060FF60335060FF60335060FF60335060FF60335060FF60335060FF60335060FF60335060FF60335060FF60335060FF60335060FF60335060FF60335060FF60335060FF60335060FF60335060FF60335060FF60335060FF60335060FF60335060FF60335060FF60335060FF60335060FF60335060FF60335060FF60335060FF60335060FF60335060FF60335060FF60335060FF60335060FF60335060FF60335060FF60335060FF60335060FF60335060FF60335060FF60335060FF60335060FF60335060FF60335060FF60335060FF60335060FF60335060FF60335060FF60335060FF60335060FF60335060FF60335060FF60335060FF60335060FF60335060FF60335060FF60335060FF60335060FF60335060FF60335060FF60335060FF60335060FF60335060FF60335060FF60335060FF60335060FF60335060FF60335060FF60335060FF60335060FF60335060FF60335060FF60335060FF60335060FF60335060FF60335060FF60335060FF60335060FF60335060FF60335060FF60335060FF60335060FF60335060FF60335060FF60335060FF60335060FF60335060FF60335060FF60335060FF60335060FF60335060FF60335060FF60335060FF60335060FF60335060FF60335060FF60335060FF60335060FF60335060FF60335060FF60335060FF60335060FF60335060FF60335060FF60335060FF60335060FF60335060FF60335060FF60335060FF60335060FF60335060FF60335060FF60335060FF60335060FF60335060FF60335060FF60335060FF60335060FF60335060FF60335060FF60335060FF60335060FF60335060FF60335060FF60335060FF60335060FF60335060FF60335060FF60335060FF60335060FF60335060FF60335060FF60335060FF60335060FF60335060FF60335060FF60335060FF60335060FF60335060FF60335060FF60335060FF60335060FF60335060FF60335060FF60335060FF60335060FF60335060FF60335060FF60335060FF60335060FF60335060FF60335060FF60335060FF60335060FF60335060FF60335060FF60335060FF60335060FF60335060FF60335060FF60335060FF60335060FF60335060FF60335060FF60335060FF60335060FF60335060FF60335060FF60335060FF60335060FF60335060FF60335060FF60335060FF60335060FF60335060FF60335060FF60335060FF60335060FF60335060FF60335060FF60335060FF60335060FF60335060FF60335060FF60335060FF60335060FF60335060FF60335060FF60335060FF60335060FF60335060FF60335060FF60335060FF60335060FF60335060FF60335060FF60335060FF60335060FF60335060FF60335060FF60335060FF60335060FF60335060FF60335060FF60335060FF60335060FF60335060FF60335060FF60335060FF60335060FF60335060FF60335060FF60335060FF60335060FF60335060FF60335060FF60335060FF60335060FF60335060FF60335060FF60335060FF60335060FF60335060FF60335060FF60335060FF60335060FF60335060FF60335060FF60335060FF60335060FF60335060FF60335060FF60335060FF60335060FF60335060FF60335060FF60335060FF60335060FF60335060FF60335060FF60335060FF60335060FF60335060FF60335060FF60335060FF60335060FF60335060FF60335060FF60335060FF60335060FF60335060FF60335060FF60335060FF60335060FF60335060FF60335060FF60335060FF60335060FF60335060FF60335060FF60335060FF60335060FF60335060FF60335060FF60335060FF60335060FF60335060FF60335060FF60335060FF60335060FF60335060FF60335060FF60335060FF60335060FF60335060FF60335060FF60335060FF60335060FF60335060FF60335060FF60335060FF60335060FF60335060FF60335060FF60335060FF60335060FF60335060FF60335060FF60335060FF60335060FF60335060FF60335060FF60335060FF60335060FF60335060FF60335060FF60335060FF60335060FF60335060FF60335060FF60335060FF60335060FF60335060FF60335060FF60335060FF60335060FF60335060FF60335060FF60335060FF60335060FF60335060FF60335060FF60335060FF60335060FF60335060FF60335060FF60335060FF60335060FF60335060FF60335060FF60335060FF60335060FF60335060FF60335060FF60335060FF60335060FF60335060FF60335060FF60335060FF60335060FF60335060FF60335060FF60335060FF60335060FF60335060FF60335060FF60335060FF60335060FF60335060FF60335060FF60335060FF60335060FF60335060FF60335060FF60335060FF60335060FF60335060FF60335060FF60335060FF60335060FF60335060FF60335060FF60335060FF60335060FF60335060FF60335060FF60335060FF60335060FF60335060FF60335060FF60335060FF60335060FF60335060FF60335060FF60335060FF60335060FF60335060FF60335060FF60335060FF60335060FF60335060FF60335060FF60335060FF60335060FF60335060FF60335060FF60335060FF60335060FF60335060FF60335060FF60335060FF60335060FF60335060FF60335060FF60335060FF60335060FF60335060FF60335060FF60335060FF60335060FF603350
500,60FF60335060FF60335060FF60335060FF60335060FF60335060FF60335060FF60335060FF60335060FF60335060FF60335060FF60335060FF60335060FF60335060FF60335060FF60335060FF60335060FF60335060FF60335060FF60335060FF60335060FF60335060FF60335060FF60335060FF60335060FF60335060FF60335060FF60335060FF60335060FF60335060FF60335060FF60335060FF60335060FF60335060FF60335060FF60335060FF60335060FF60335060FF60335060FF60335060FF60335060FF60335060FF60335060FF60335060FF60335060FF60335060FF60335060FF60335060FF60335060FF60335060FF60335060FF60335060FF60335060FF60335060FF60335060FF60335060FF60335060FF60335060FF60335060FF60335060FF60335060FF60335060FF60335060FF60335060FF60335060FF60335060FF60335060FF60335060FF60335060FF60335060FF60335060FF60335060FF60335060FF60335060FF60335060FF60335060FF60335060FF60335060FF60335060FF60335060FF60335060FF60335060FF60335060FF60335060FF60335060FF60335060FF60335060FF60335060FF60335060FF60335060FF60335060FF60335060FF60335060FF60335060FF60335060FF60335060FF60335060FF60335060FF60335060FF60335060FF60335060FF60335060FF60335060FF60335060FF60335060FF60335060FF60335060FF60335060FF60335060FF60335060FF60335060FF60335060FF60335060FF60335060FF60335060FF60335060FF60335060FF60335060FF60335060FF60335060FF60335060FF60335060FF60335060FF60335060FF60335060FF60335060FF60335060FF60335060FF60335060FF60335060FF60335060FF60335060FF60335060FF60335060FF60335060FF60335060FF60335060FF60335060FF60335060FF60335060FF60335060FF60335060FF60335060FF60335060FF60335060FF60335060FF60335060FF60335060FF60335060FF60335060FF60335060FF60335060FF60335060FF60335060FF60335060FF60335060FF60335060FF60335060FF60335060FF60335060FF60335060FF60335060FF60335060FF60335060FF60335060FF60335060FF60335060FF60335060FF60335060FF60335060FF60335060FF60335060FF60335060FF60335060FF60335060FF60335060FF60335060FF60335060FF60335060FF60335060FF60335060FF60335060FF60335060FF60335060FF60335060FF60335060FF60335060FF60335060FF60335060FF60335060FF60335060FF60335060FF60335060FF60335060FF60335060FF60335060FF60335060FF60335060FF60335060FF60335060FF60335060FF60335060FF60335060FF60335060FF60335060FF60335060FF60335060FF60335060FF60335060FF60335060FF60335060FF60335060FF60335060FF60335060FF60335060FF60335060FF60335060FF60335060FF60335060FF60335060FF60335060FF60335060FF60335060FF60335060FF60335060FF60335060FF60335060FF60335060FF60335060FF60335060FF60335060FF60335060FF60335060FF60335060FF60335060FF60335060FF60335060FF60335060FF60335060FF60335060FF60335060FF60335060FF60335060FF60335060FF60335060FF60335060FF60335060FF60335060FF60335060FF60335060FF60335060FF60335060FF60335060FF60335060FF60335060FF60335060FF60335060FF60335060FF60335060FF60335060FF60335060FF60335060FF60335060FF60335060FF60335060FF60335060FF60335060FF60335060FF60335060FF60335060FF60335060FF60335060FF60335060FF60335060FF60335060FF60335060FF60335060FF60335060FF60335060FF60335060FF60335060FF60335060FF60335060FF60335060FF60335060FF60335060FF60335060FF60335060FF60335060FF60335060FF60335060FF60335060FF60335060FF60335060FF60335060FF60335060FF60335060FF60335060FF60335060FF60335060FF60335060FF60335060FF60335060FF60335060FF60335060FF60335060FF60335060FF60335060FF60335060FF60335060FF60335060FF60335060FF60335060FF60335060FF60335060FF60335060FF60335060FF60335060FF60335060FF60335060FF60335060FF60335060FF60335060FF60335060FF60335060FF60335060FF60335060FF60335060FF60335060FF60335060FF60335060FF60335060FF60335060FF60335060FF60335060FF60335060FF60335060FF60335060FF60335060FF60335060FF60335060FF60335060FF60335060FF60335060FF60335060FF60335060FF60335060FF60335060FF60335060FF60335060FF60335060FF60335060FF60335060FF60335060FF60335060FF60335060FF60335060FF60335060FF60335060FF60335060FF60335060FF60335060FF60335060FF60335060FF60335060FF60335060FF60335060FF60335060FF60335060FF60335060FF60335060FF60335060FF60335060FF60335060FF60335060FF60335060FF60335060FF60335060FF60335060FF60335060FF60335060FF60335060FF60335060FF60335060FF60335060FF60335060FF60335060FF60335060FF60335060FF60335060FF60335060FF60335060FF60335060FF60335060FF60335060FF60335060FF60335060FF60335060FF60335060FF60335060FF60335060FF60335060FF60335060FF60335060FF60335060FF60335060FF60335060FF60335060FF60335060FF60335060FF60335060FF60335060FF60335060FF60335060FF60335060FF60335060FF60335060FF60335060FF60335060FF60335060FF60335060FF60335060FF60335060FF60335060FF60335060FF60335060FF60335060FF60335060FF60335060FF60335060FF60335060FF60335060FF60335060FF60335060FF60335060FF60335060FF60335060FF60335060FF60335060FF60335060FF60335060FF60335060FF60335060FF60335060FF60335060FF60335060FF60335060FF60335060FF60335060FF60335060FF60335060FF60335060FF60335060FF60335060FF60335060FF60335060FF60335060FF60335060FF60335060FF60335060FF60335060FF60335060FF60335060FF60335060FF60335060FF60335060FF60335060FF60335060FF60335060FF60335060FF60335060FF60335060FF60335060FF60335060FF60335060FF60335060FF60335060FF60335060FF60335060FF60335060FF60335060FF60335060FF60335060FF60335060FF60335060FF60335060FF60335060FF60335060FF60335060FF60335060FF60335060FF60335060FF60335060FF60335060FF60335060FF60335060FF60335060FF60335060FF60335060FF60335060FF603350
550,60FF60335060FF60335060FF60335060FF60335060FF60335060FF60335060FF60335060FF60335060FF60335060FF60335060FF60335060FF60335060FF60335060FF60335060FF60335060FF60335060FF60335060FF60335060FF60335060FF60335060FF60335060FF60335060FF60335060FF60335060FF60335060FF60335060FF60335060FF60335060FF60335060FF60335060FF60335060FF60335060FF60335060FF60335060FF60335060FF60335060FF60335060FF60335060FF60335060FF60335060FF60335060FF60335060FF60335060FF60335060FF60335060FF60335060FF60335060FF60335060FF60335060FF60335060FF60335060FF60335060FF60335060FF60335060FF60335060FF60335060FF60335060FF60335060FF60335060FF60335060FF60335060FF60335060FF60335060FF60335060FF60335060FF60335060FF60335060FF60335060FF60335060FF60335060FF60335060FF60335060FF60335060FF60335060FF60335060FF60335060FF60335060FF60335060FF60335060FF60335060FF60335060FF60335060FF60335060FF60335060FF60335060FF60335060FF60335060FF60335060FF60335060FF60335060FF60335060FF60335060FF60335060FF60335060FF60335060FF60335060FF60335060FF60335060FF60335060FF60335060FF60335060FF60335060FF60335060FF60335060FF60335060FF60335060FF60335060FF60335060FF60335060FF60335060FF60335060FF60335060FF60335060FF60335060FF60335060FF60335060FF60335060FF60335060FF60335060FF60335060FF60335060FF60335060FF60335060FF60335060FF60335060FF60335060FF60335060FF60335060FF60335060FF60335060FF60335060FF60335060FF60335060FF60335060FF60335060FF60335060FF60335060FF60335060FF60335060FF60335060FF60335060FF60335060FF60335060FF60335060FF60335060FF60335060FF60335060FF60335060FF60335060FF60335060FF60335060FF60335060FF60335060FF60335060FF60335060FF60335060FF60335060FF60335060FF60335060FF60335060FF60335060FF60335060FF60335060FF60335060FF60335060FF60335060FF60335060FF60335060FF60335060FF60335060FF60335060FF60335060FF60335060FF60335060FF60335060FF60335060FF60335060FF60335060FF60335060FF60335060FF60335060FF60335060FF60335060FF60335060FF60335060FF60335060FF60335060FF60335060FF60335060FF60335060FF60335060FF60335060FF60335060FF60335060FF60335060FF60335060FF60335060FF60335060FF60335060FF60335060FF60335060FF60335060FF60335060FF60335060FF60335060FF60335060FF60335060FF60335060FF60335060FF60335060FF60335060FF60335060FF60335060FF60335060FF60335060FF60335060FF60335060FF60335060FF60335060FF60335060FF60335060FF60335060FF60335060FF60335060FF60335060FF60335060FF60335060FF60335060FF60335060FF60335060FF60335060FF60335060FF60335060FF60335060FF60335060FF60335060FF60335060FF60335060FF60335060FF60335060FF60335060FF60335060FF60335060FF60335060FF60335060FF60335060FF60335060FF60335060FF60335060FF60335060FF60335060FF60335060FF60335060FF60335060FF60335060FF60335060FF60335060FF60335060FF60335060FF60335060FF60335060FF60335060FF60335060FF60335060FF60335060FF60335060FF60335060FF60335060FF60335060FF60335060FF60335060FF60335060FF60335060FF60335060FF60335060FF60335060FF60335060FF60335060FF60335060FF60335060FF60335060FF60335060FF60335060FF60335060FF60335060FF60335060FF60335060FF60335060FF60335060FF60335060FF60335060FF60335060FF60335060FF60335060FF60335060FF60335060FF60335060FF60335060FF60335060FF60335060FF60335060FF60335060FF60335060FF60335060FF60335060FF60335060FF60335060FF60335060FF60335060FF60335060FF60335060FF60335060FF60335060FF60335060FF60335060FF60335060FF60335060FF60335060FF60335060FF60335060FF60335060FF60335060FF60335060FF60335060FF60335060FF60335060FF60335060FF60335060FF60335060FF60335060FF60335060FF60335060FF60335060FF60335060FF60335060FF60335060FF60335060FF60335060FF60335060FF60335060FF60335060FF60335060FF60335060FF60335060FF60335060FF60335060FF60335060FF60335060FF60335060FF60335060FF60335060FF60335060FF60335060FF60335060FF60335060FF60335060FF60335060FF60335060FF60335060FF60335060FF60335060FF60335060FF60335060FF60335060FF60335060FF60335060FF60335060FF60335060FF60335060FF60335060FF60335060FF60335060FF60335060FF60335060FF60335060FF60335060FF60335060FF60335060FF60335060FF60335060FF60335060FF60335060FF60335060FF60335060FF60335060FF60335060FF60335060FF60335060FF60335060FF60335060FF60335060FF60335060FF60335060FF60335060FF60335060FF60335060FF60335060FF60335060FF60335060FF60335060FF60335060FF60335060FF60335060FF60335060FF60335060FF60335060FF60335060FF60335060FF60335060FF60335060FF60335060FF60335060FF60335060FF60335060FF60335060FF60335060FF60335060FF60335060FF60335060FF60335060FF60335060FF60335060FF60335060FF60335060FF60335060FF60335060FF60335060FF60335060FF60335060FF60335060FF60335060FF60335060FF60335060FF60335060FF60335060FF60335060FF60335060FF60335060FF60335060FF60335060FF60335060FF60335060FF60335060FF60335060FF60335060FF60335060FF60335060FF60335060FF60335060FF60335060FF60335060FF60335060FF60335060FF60335060FF60335060FF60335060FF60335060FF60335060FF60335060FF60335060FF60335060FF60335060FF60335060FF60335060FF60335060FF60335060FF60335060FF60335060FF60335060FF60335060FF60335060FF60335060FF60335060FF60335060FF60335060FF60335060FF60335060FF60335060FF60335060FF60335060FF60335060FF60335060FF60335060FF60335060FF60335060FF60335060FF60335060FF60335060FF60335060FF60335060FF60335060FF60335060FF60335060FF60335060FF60335060FF60335060FF60335060FF60335060FF60335060FF60335060FF60335060FF60335060FF60335060FF60335060FF60335060FF60335060FF60335060FF60335060FF60335060FF60335060FF60335060FF60335060FF60335060FF60335060FF60335060FF60335060FF60335060FF60335060FF60335060FF60335060FF60335060FF60335060FF60335060FF60335060FF60335060FF60335060FF60335060FF60335060FF60335060FF60335060FF60335060FF60335060FF60335060FF60335060FF60335060FF60335060FF60335060FF60335060FF60335060FF60335060FF60335060FF60335060FF60335060FF60335060FF60335060FF60335060FF60335060FF60335060FF60335060FF603350
600,60FF60335060FF60335060FF60335060FF60335060FF60335060FF60335060FF60335060FF60335060FF60335060FF60335060FF60335060FF60335060FF60335060FF60335060FF60335060FF60335060FF60335060FF60335060FF60335060FF60335060FF60335060FF60335060FF60335060FF60335060FF60335060FF60335060FF60335060FF60335060FF60335060FF60335060FF60335060FF60335060FF60335060FF60335060FF60335060FF60335060FF60335060FF60335060FF60335060FF60335060FF60335060FF60335060FF60335060FF60335060FF60335060FF60335060FF60335060FF60335060FF60335060FF60335060FF60335060FF60335060FF60335060FF60335060FF60335060FF60335060FF60335060FF60335060FF60335060FF60335060FF60335060FF60335060FF60335060FF60335060FF60335060FF60335060FF60335060FF60335060FF60335060FF60335060FF60335060FF60335060FF60335060FF60335060FF60335060FF60335060FF60335060FF60335060FF60335060FF60335060FF60335060FF60335060FF60335060FF60335060FF60335060FF60335060FF60335060FF60335060FF60335060FF60335060FF60335060FF60335060FF60335060FF60335060FF60335060FF60335060FF60335060FF60335060FF60335060FF60335060FF60335060FF60335060FF60335060FF60335060FF60335060FF60335060FF60335060FF60335060FF60335060FF60335060FF60335060FF60335060FF60335060FF60335060FF60335060FF60335060FF60335060FF60335060FF60335060FF60335060FF60335060FF60335060FF60335060FF60335060FF60335060FF60335060FF60335060FF60335060FF60335060FF60335060FF60335060FF60335060FF60335060FF60335060FF60335060FF60335060FF60335060FF60335060FF60335060FF60335060FF60335060FF60335060FF60335060FF60335060FF60335060FF60335060FF60335060FF60335060FF60335060FF60335060FF60335060FF60335060FF60335060FF60335060FF60335060FF60335060FF60335060FF60335060FF60335060FF60335060FF60335060FF60335060FF60335060FF60335060FF60335060FF60335060FF60335060FF60335060FF60335060FF60335060FF60335060FF60335060FF60335060FF60335060FF60335060FF60335060FF60335060FF60335060FF60335060FF60335060FF60335060FF60335060FF60335060FF60335060FF60335060FF60335060FF60335060FF60335060FF60335060FF60335060FF60335060FF60335060FF60335060FF60335060FF60335060FF60335060FF60335060FF60335060FF60335060FF60335060FF60335060FF60335060FF60335060FF60335060FF60335060FF60335060FF60335060FF60335060FF60335060FF60335060FF60335060FF60335060FF60335060FF60335060FF60335060FF60335060FF60335060FF60335060FF60335060FF60335060FF60335060FF60335060FF60335060FF60335060FF60335060FF60335060FF60335060FF60335060FF60335060FF60335060FF60335060FF60335060FF60335060FF60335060FF60335060FF60335060FF60335060FF60335060FF60335060FF60335060FF60335060FF60335060FF60335060FF60335060FF60335060FF60335060FF60335060FF60335060FF60335060FF60335060FF60335060FF60335060FF60335060FF60335060FF60335060FF60335060FF60335060FF60335060FF60335060FF60335060FF60335060FF60335060FF60335060FF60335060FF60335060FF60335060FF60335060FF60335060FF60335060FF60335060FF60335060FF60335060FF60335060FF60335060FF60335060FF60335060FF60335060FF60335060FF60335060FF60335060FF60335060FF60335060FF60335060FF60335060FF60335060FF60335060FF60335060FF60335060FF60335060FF60335060FF60335060FF60335060FF60335060FF60335060FF60335060FF60335060FF60335060FF60335060FF60335060FF60335060FF60335060FF60335060FF60335060FF60335060FF60335060FF60335060FF60335060FF60335060FF60335060FF60335060FF60335060FF60335060FF60335060FF60335060FF60335060FF60335060FF60335060FF60335060FF60335060FF60335060FF60335060FF60335060FF60335060FF60335060FF60335060FF60335060FF60335060FF60335060FF60335060FF60335060FF60335060FF60335060FF60335060FF60335060FF60335060FF60335060FF60335060FF60335060FF60335060FF60335060FF60335060FF60335060FF60335060FF60335060FF60335060FF60335060FF60335060FF60335060FF60335060FF60335060FF60335060FF60335060FF60335060FF60335060FF60335060FF60335060FF60335060FF60335060FF60335060FF60335060FF60335060FF60335060FF60335060FF60335060FF60335060FF60335060FF60335060FF60335060FF60335060FF60335060FF60335060FF60335060FF60335060FF60335060FF60335060FF60335060FF60335060FF60335060FF60335060FF60335060FF60335060FF60335060FF60335060FF60335060FF60335060FF60335060FF60335060FF60335060FF60335060FF60335060FF60335060FF60335060FF60335060FF60335060FF60335060FF60335060FF60335060FF60335060FF60335060FF60335060FF60335060FF60335060FF60335060FF60335060FF60335060FF60335060FF60335060FF60335060FF60335060FF60335060FF60335060FF60335060FF60335060FF60335060FF60335060FF60335060FF60335060FF60335060FF60335060FF60335060FF60335060FF60335060FF60335060FF60335060FF60335060FF60335060FF60335060FF60335060FF60335060FF60335060FF60335060FF60335060FF60335060FF60335060FF60335060FF60335060FF60335060FF60335060FF60335060FF60335060FF60335060FF60335060FF60335060FF60335060FF60335060FF60335060FF60335060FF60335060FF60335060FF60335060FF60335060FF60335060FF60335060FF60335060FF60335060FF60335060FF60335060FF60335060FF60335060FF60335060FF60335060FF60335060FF60335060FF60335060FF60335060FF60335060FF60335060FF60335060FF60335060FF60335060FF60335060FF60335060FF60335060FF60335060FF60335060FF60335060FF60335060FF60335060FF60335060FF60335060FF60335060FF60335060FF60335060FF60335060FF60335060FF60335060FF60335060FF60335060FF60335060FF60335060FF60335060FF60335060FF60335060FF60335060FF60335060FF60335060FF60335060FF60335060FF60335060FF60335060FF60335060FF60335060FF60335060FF60335060FF60335060FF60335060FF60335060FF60335060FF60335060FF60335060FF60335060FF60335060FF60335060FF60335060FF60335060FF60335060FF60335060FF60335060FF60335060FF60335060FF60335060FF60335060FF60335060FF60335060FF60335060FF60335060FF60335060FF60335060FF60335060FF60335060FF60335060FF60335060FF60335060FF60335060FF60335060FF60335060FF60335060FF60335060FF60335060FF60335060FF60335060FF60335060FF60335060FF60335060FF60335060FF60335060FF60335060FF60335060FF60335060FF60335060FF60335060FF60335060FF60335060FF60335060FF60335060FF60335060FF60335060FF60335060FF60335060FF60335060FF60335060FF60335060FF60335060FF60335060FF60335060FF60335060FF60335060FF60335060FF60335060FF60335060FF60335060FF60335060FF60335060FF60335060FF60335060FF60335060FF60335060FF60335060FF60335060FF60335060FF60335060FF60335060FF60335060FF60335060FF60335060FF60335060FF60335060FF60335060FF60335060FF60335060FF60335060FF60335060FF60335060FF60335060FF60335060FF60335060FF60335060FF60335060FF60335060FF603350
650,60FF60335060FF60335060FF60335060FF60335060FF60335060FF60335060FF60335060FF60335060FF60335060FF60335060FF60335060FF60335060FF60335060FF60335060FF60335060FF60335060FF60335060FF60335060FF60335060FF60335060FF60335060FF60335060FF60335060FF60335060FF60335060FF60335060FF60335060FF60335060FF60335060FF60335060FF60335060FF60335060FF60335060FF60335060FF60335060FF60335060FF60335060FF60335060FF60335060FF60335060FF60335060FF60335060FF60335060FF60335060FF60335060FF60335060FF60335060FF60335060FF60335060FF60335060FF60335060FF60335060FF60335060FF60335060FF60335060FF60335060FF60335060FF60335060FF60335060FF60335060FF60335060FF60335060FF60335060FF60335060FF60335060FF60335060FF60335060FF60335060FF60335060FF60335060FF60335060FF60335060FF60335060FF60335060FF60335060FF60335060FF60335060FF60335060FF60335060FF60335060FF60335060FF60335060FF60335060FF60335060FF60335060FF60335060FF60335060FF60335060FF60335060FF60335060FF60335060FF60335060FF60335060FF60335060FF60335060FF60335060FF60335060FF60335060FF60335060FF60335060FF60335060FF60335060FF60335060FF60335060FF60335060FF60335060FF60335060FF60335060FF60335060FF60335060FF60335060FF60335060FF60335060FF60335060FF60335060FF60335060FF60335060FF60335060FF60335060FF60335060FF60335060FF60335060FF60335060FF60335060FF60335060FF60335060FF60335060FF60335060FF60335060FF60335060FF60335060FF60335060FF60335060FF60335060FF60335060FF60335060FF60335060FF60335060FF60335060FF60335060FF60335060FF60335060FF60335060FF60335060FF60335060FF60335060FF60335060FF60335060FF60335060FF60335060FF60335060FF60335060FF60335060FF60335060FF60335060FF60335060FF60335060FF60335060FF60335060FF60335060FF60335060FF60335060FF60335060FF60335060FF60335060FF60335060FF60335060FF60335060FF60335060FF60335060FF60335060FF60335060FF60335060FF60335060FF60335060FF60335060FF60335060FF60335060FF60335060FF60335060FF60335060FF60335060FF60335060FF60335060FF60335060FF60335060FF60335060FF60335060FF60335060FF60335060FF60335060FF60335060FF60335060FF60335060FF60335060FF60335060FF60335060FF60335060FF60335060FF60335060FF60335060FF60335060FF60335060FF60335060FF60335060FF60335060FF60335060FF60335060FF60335060FF60335060FF60335060FF60335060FF60335060FF60335060FF60335060FF60335060FF60335060FF60335060FF60335060FF60335060FF60335060FF60335060FF60335060FF60335060FF60335060FF60335060FF60335060FF60335060FF60335060FF60335060FF60335060FF60335060FF60335060FF60335060FF60335060FF60335060FF60335060FF60335060FF60335060FF60335060FF60335060FF60335060FF60335060FF60335060FF60335060FF60335060FF60335060FF60335060FF60335060FF60335060FF60335060FF60335060FF60335060FF60335060FF60335060FF60335060FF60335060FF60335060FF60335060FF60335060FF60335060FF60335060FF60335060FF60335060FF60335060FF60335060FF60335060FF60335060FF60335060FF60335060FF60335060FF60335060FF60335060FF60335060FF60335060FF60335060FF60335060FF60335060FF60335060FF60335060FF60335060FF60335060FF60335060FF60335060FF60335060FF60335060FF60335060FF60335060FF60335060FF60335060FF60335060FF60335060FF60335060FF60335060FF60335060FF60335060FF60335060FF60335060FF60335060FF60335060FF60335060FF60335060FF60335060FF60335060FF60335060FF60335060FF60335060FF60335060FF60335060FF60335060FF60335060FF60335060FF60335060FF60335060FF60335060FF60335060FF60335060FF60335060FF60335060FF60335060FF60335060FF60335060FF60335060FF60335060FF60335060FF60335060FF60335060FF60335060FF60335060FF60335060FF60335060FF60335060FF60335060FF60335060FF60335060FF60335060FF60335060FF60335060FF60335060FF60335060FF60335060FF60335060FF60335060FF60335060FF60335060FF60335060FF60335060FF60335060FF60335060FF60335060FF60335060FF60335060FF60335060FF60335060FF60335060FF60335060FF60335060FF60335060FF60335060FF60335060FF60335060FF60335060FF60335060FF60335060FF60335060FF60335060FF60335060FF60335060FF60335060FF60335060FF60335060FF60335060FF60335060FF60335060FF60335060FF60335060FF60335060FF60335060FF60335060FF60335060FF60335060FF60335060FF60335060FF60335060FF60335060FF60335060FF60335060FF60335060FF60335060FF60335060FF60335060FF60335060FF60335060FF60335060FF60335060FF60335060FF60335060FF60335060FF60335060FF60335060FF60335060FF60335060FF60335060FF60335060FF60335060FF60335060FF60335060FF60335060FF60335060FF60335060FF60335060FF60335060FF60335060FF60335060FF60335060FF60335060FF60335060FF60335060FF60335060FF60335060FF60335060FF60335060FF60335060FF60335060FF60335060FF60335060FF60335060FF60335060FF60335060FF60335060FF60335060FF60335060FF60335060FF60335060FF60335060FF60335060FF60335060FF60335060FF60335060FF60335060FF60335060FF60335060FF60335060FF60335060FF60335060FF60335060FF60335060FF60335060FF60335060FF60335060FF60335060FF60335060FF60335060FF60335060FF60335060FF60335060FF60335060FF60335060FF60335060FF60335060FF60335060FF60335060FF60335060FF60335060FF60335060FF60335060FF60335060FF60335060FF60335060FF60335060FF60335060FF60335060FF60335060FF60335060FF60335060FF60335060FF60335060FF60335060FF60335060FF60335060FF60335060FF60335060FF60335060FF60335060FF60335060FF60335060FF60335060FF60335060FF60335060FF60335060FF60335060FF60335060FF60335060FF60335060FF60335060FF60335060FF60335060FF60335060FF60335060FF60335060FF60335060FF60335060FF60335060FF60335060FF60335060FF60335060FF60335060FF60335060FF60335060FF60335060FF60335060FF60335060FF60335060FF60335060FF60335060FF60335060FF60335060FF60335060FF60335060FF60335060FF60335060FF60335060FF60335060FF60335060FF60335060FF60335060FF60335060FF60335060FF60335060FF60335060FF60335060FF60335060FF60335060FF60335060FF60335060FF60335060FF60335060FF60335060FF60335060FF60335060FF60335060FF60335060FF60335060FF60335060FF60335060FF60335060FF60335060FF60335060FF60335060FF60335060FF60335060FF60335060FF60335060FF60335060FF60335060FF60335060FF60335060FF60335060FF60335060FF60335060FF60335060FF60335060FF60335060FF60335060FF60335060FF60335060FF60335060FF60335060FF60335060FF60335060FF60335060FF60335060FF60335060FF60335060FF60335060FF60335060FF60335060FF60335060FF60335060FF60335060FF60335060FF60335060FF60335060FF60335060FF60335060FF60335060FF60335060FF60335060FF60335060FF60335060FF60335060FF60335060FF60335060FF60335060FF60335060FF60335060FF60335060FF60335060FF60335060FF60335060FF60335060FF60335060FF60335060FF60335060FF60335060FF60335060FF60335060FF60335060FF60335060FF60335060FF60335060FF60335060FF60335060FF60335060FF60335060FF60335060FF60335060FF60335060FF60335060FF60335060FF60335060FF60335060FF60335060FF60335060FF60335060FF60335060FF60335060FF60335060FF60335060FF60335060FF60335060FF60335060FF60335060FF60335060FF60335060FF60335060FF60335060FF60335060FF60335060FF60335060FF60335060FF60335060FF60335060FF60335060FF60335060FF60335060FF60335060FF60335060FF60335060FF603350
700,60FF60335060FF60335060FF60335060FF60335060FF60335060FF60335060FF60335060FF60335060FF60335060FF60335060FF60335060FF60335060FF60335060FF60335060FF60335060FF60335060FF60335060FF60335060FF60335060FF60335060FF60335060FF60335060FF60335060FF60335060FF60335060FF60335060FF60335060FF60335060FF60335060FF60335060FF60335060FF60335060FF60335060FF60335060FF60335060FF60335060FF60335060FF60335060FF60335060FF60335060FF60335060FF60335060FF60335060FF60335060FF60335060FF60335060FF60335060FF60335060FF60335060FF60335060FF60335060FF60335060FF60335060FF60335060FF60335060FF60335060FF60335060FF60335060FF60335060FF60335060FF60335060FF60335060FF60335060FF60335060FF60335060FF60335060FF60335060FF60335060FF60335060FF60335060FF60335060FF60335060FF60335060FF60335060FF60335060FF60335060FF60335060FF60335060FF60335060FF60335060FF60335060FF60335060FF60335060FF60335060FF60335060FF60335060FF60335060FF60335060FF60335060FF60335060FF60335060FF60335060FF60335060FF60335060FF60335060FF60335060FF60335060FF60335060FF60335060FF60335060FF60335060FF60335060FF60335060FF60335060FF60335060FF60335060FF60335060FF60335060FF60335060FF60335060FF60335060FF60335060FF60335060FF60335060FF60335060FF60335060FF60335060FF60335060FF60335060FF60335060FF60335060FF60335060FF60335060FF60335060FF60335060FF60335060FF60335060FF60335060FF60335060FF60335060FF60335060FF60335060FF60335060FF60335060FF60335060FF60335060FF60335060FF60335060FF60335060FF60335060FF60335060FF60335060FF60335060FF60335060FF60335060FF60335060FF60335060FF60335060FF60335060FF60335060FF60335060FF60335060FF60335060FF60335060FF60335060FF60335060FF60335060FF60335060FF60335060FF60335060FF60335060FF60335060FF60335060FF60335060FF60335060FF60335060FF60335060FF60335060FF60335060FF60335060FF60335060FF60335060FF60335060FF60335060FF60335060FF60335060FF60335060FF60335060FF60335060FF60335060FF60335060FF60335060FF60335060FF60335060FF60335060FF60335060FF60335060FF60335060FF60335060FF60335060FF60335060FF60335060FF60335060FF60335060FF60335060FF60335060FF60335060FF60335060FF60335060FF60335060FF60335060FF60335060FF60335060FF60335060FF60335060FF60335060FF60335060FF60335060FF60335060FF60335060FF60335060FF60335060FF60335060FF60335060FF60335060FF60335060FF60335060FF60335060FF60335060FF60335060FF60335060FF60335060FF60335060FF60335060FF60335060FF60335060FF60335060FF60335060FF60335060FF60335060FF60335060FF60335060FF60335060FF60335060FF60335060FF60335060FF60335060FF60335060FF60335060FF60335060FF60335060FF60335060FF60335060FF60335060FF60335060FF60335060FF60335060FF60335060FF60335060FF60335060FF60335060FF60335060FF60335060FF60335060FF60335060FF60335060FF60335060FF60335060FF60335060FF60335060FF60335060FF60335060FF60335060FF60335060FF60335060FF60335060FF60335060FF60335060FF60335060FF60335060FF60335060FF60335060FF60335060FF60335060FF60335060FF60335060FF60335060FF60335060FF60335060FF60335060FF60335060FF60335060FF60335060FF60335060FF60335060FF60335060FF60335060FF60335060FF60335060FF60335060FF60335060FF60335060FF60335060FF60335060FF60335060FF60335060FF60335060FF60335060FF60335060FF60335060FF60335060FF60335060FF60335060FF60335060FF60335060FF60335060FF60335060FF60335060FF60335060FF60335060FF60335060FF60335060FF60335060FF60335060FF60335060FF60335060FF60335060FF60335060FF60335060FF60335060FF60335060FF60335060FF60335060FF60335060FF60335060FF60335060FF60335060FF60335060FF60335060FF60335060FF60335060FF60335060FF60335060FF60335060FF60335060FF60335060FF60335060FF60335060FF60335060FF60335060FF60335060FF60335060FF60335060FF60335060FF60335060FF60335060FF60335060FF60335060FF60335060FF60335060FF60335060FF60335060FF60335060FF60335060FF60335060FF60335060FF60335060FF60335060FF60335060FF60335060FF60335060FF60335060FF60335060FF60335060FF60335060FF60335060FF60335060FF60335060FF60335060FF60335060FF60335060FF60335060FF60335060FF60335060FF60335060FF60335060FF60335060FF60335060FF60335060FF60335060FF60335060FF60335060FF60335060FF60335060FF60335060FF60335060FF60335060FF60335060FF60335060FF60335060FF60335060FF60335060FF60335060FF60335060FF60335060FF60335060FF60335060FF60335060FF60335060FF60335060FF60335060FF60335060FF60335060FF60335060FF60335060FF60335060FF60335060FF60335060FF60335060FF60335060FF60335060FF60335060FF60335060FF60335060FF60335060FF60335060FF60335060FF60335060FF60335060FF60335060FF60335060FF60335060FF60335060FF60335060FF60335060FF60335060FF60335060FF60335060FF60335060FF60335060FF60335060FF60335060FF60335060FF60335060FF60335060FF60335060FF60335060FF60335060FF60335060FF60335060FF60335060FF60335060FF60335060FF60335060FF60335060FF60335060FF60335060FF60335060FF60335060FF60335060FF60335060FF60335060FF60335060FF60335060FF60335060FF60335060FF60335060FF60335060FF60335060FF60335060FF60335060FF60335060FF60335060FF60335060FF60335060FF60335060FF60335060FF60335060FF60335060FF60335060FF60335060FF60335060FF60335060FF60335060FF60335060FF60335060FF60335060FF60335060FF60335060FF60335060FF60335060FF60335060FF60335060FF60335060FF60335060FF60335060FF60335060FF60335060FF60335060FF60335060FF60335060FF60335060FF60335060FF60335060FF60335060FF60335060FF60335060FF60335060FF60335060FF60335060FF60335060FF60335060FF60335060FF60335060FF60335060FF60335060FF60335060FF60335060FF60335060FF60335060FF60335060FF60335060FF60335060FF60335060FF60335060FF60335060FF60335060FF60335060FF60335060FF60335060FF60335060FF60335060FF60335060FF60335060FF60335060FF60335060FF60335060FF60335060FF60335060FF60335060FF60335060FF60335060FF60335060FF60335060FF60335060FF60335060FF60335060FF60335060FF60335060FF60335060FF60335060FF60335060FF60335060FF60335060FF60335060FF60335060FF60335060FF60335060FF60335060FF60335060FF60335060FF60335060FF60335060FF60335060FF60335060FF60335060FF60335060FF60335060FF60335060FF60335060FF60335060FF60335060FF60335060FF60335060FF60335060FF60335060FF60335060FF60335060FF60335060FF60335060FF60335060FF60335060FF60335060FF60335060FF60335060FF60335060FF60335060FF60335060FF60335060FF60335060FF60335060FF60335060FF60335060FF60335060FF60335060FF60335060FF60335060FF60335060FF60335060FF60335060FF60335060FF60335060FF60335060FF60335060FF60335060FF60335060FF60335060FF60335060FF60335060FF60335060FF60335060FF60335060FF60335060FF60335060FF60335060FF60335060FF60335060FF60335060FF60335060FF60335060FF60335060FF60335060FF60335060FF60335060FF60335060FF60335060FF60335060FF60335060FF60335060FF60335060FF60335060FF60335060FF60335060FF60335060FF60335060FF60335060FF60335060FF60335060FF60335060FF60335060FF60335060FF60335060FF60335060FF60335060FF60335060FF60335060FF60335060FF60335060FF60335060FF60335060FF60335060FF60335060FF60335060FF60335060FF60335060FF60335060FF60335060FF60335060FF60335060FF60335060FF60335060FF60335060FF60335060FF60335060FF60335060FF60335060FF60335060FF60335060FF60335060FF60335060FF60335060FF60335060FF60335060FF60335060FF60335060FF60335060FF60335060FF60335060FF60335060FF60335060FF60335060FF60335060FF60335060FF60335060FF60335060FF60335060FF60335060FF60335060FF60335060FF60335060FF60335060FF60335060FF60335060FF60335060FF60335060FF60335060FF60335060FF60335060FF60335060FF60335060FF60335060FF60335060FF60335060FF60335060FF60335060FF60335060FF60335060FF60335060FF60335060FF603350
750,60FF60335060FF60335060FF60335060FF60335060FF60335060FF60335060FF60335060FF60335060FF60335060FF60335060FF60335060FF60335060FF60335060FF60335060FF60335060FF60335060FF60335060FF60335060FF60335060FF60335060FF60335060FF60335060FF60335060FF60335060FF60335060FF60335060FF60335060FF60335060FF60335060FF60335060FF60335060FF60335060FF60335060FF60335060FF60335060FF60335060FF60335060FF60335060FF60335060FF60335060FF60335060FF60335060FF60335060FF60335060FF60335060FF60335060FF60335060FF60335060FF60335060FF60335060FF60335060FF60335060FF60335060FF60335060FF60335060FF60335060FF60335060FF60335060FF60335060FF60335060FF60335060FF60335060FF60335060FF60335060FF60335060FF60335060FF60335060FF60335060FF60335060FF60335060FF60335060FF60335060FF60335060FF60335060FF60335060FF60335060FF60335060FF60335060FF60335060FF60335060FF60335060FF60335060FF60335060FF60335060FF60335060FF60335060FF60335060FF60335060FF60335060FF60335060FF60335060FF60335060FF60335060FF60335060FF60335060FF60335060FF60335060FF60335060FF60335060FF60335060FF60335060FF60335060FF60335060FF60335060FF60335060FF60335060FF60335060FF60335060FF60335060FF60335060FF60335060FF60335060FF60335060FF60335060FF60335060FF60335060FF60335060FF60335060FF60335060FF60335060FF60335060FF60335060FF60335060FF60335060FF60335060FF60335060FF60335060FF60335060FF60335060FF60335060FF60335060FF60335060FF60335060FF60335060FF60335060FF60335060FF60335060FF60335060FF60335060FF60335060FF60335060FF60335060FF60335060FF60335060FF60335060FF60335060FF60335060FF60335060FF60335060FF60335060FF60335060FF60335060FF60335060FF60335060FF60335060FF60335060FF60335060FF60335060FF60335060FF60335060FF60335060FF60335060FF60335060FF60335060FF60335060FF60335060FF60335060FF60335060FF60335060FF60335060FF60335060FF60335060FF60335060FF60335060FF60335060FF60335060FF60335060FF60335060FF60335060FF60335060FF60335060FF60335060FF60335060FF60335060FF60335060FF60335060FF60335060FF60335060FF60335060FF60335060FF60335060FF60335060FF60335060FF60335060FF60335060FF60335060FF60335060FF60335060FF60335060FF60335060FF60335060FF60335060FF60335060FF60335060FF60335060FF60335060FF60335060FF60335060FF60335060FF60335060FF60335060FF60335060FF60335060FF60335060FF60335060FF60335060FF60335060FF60335060FF60335060FF60335060FF60335060FF60335060FF60335060FF60335060FF60335060FF60335060FF60335060FF60335060FF60335060FF60335060FF60335060FF60335060FF60335060FF60335060FF60335060FF60335060FF60335060FF60335060FF60335060FF60335060FF60335060FF60335060FF60335060FF60335060FF60335060FF60335060FF60335060FF60335060FF60335060FF60335060FF60335060FF60335060FF60335060FF60335060FF60335060FF60335060FF60335060FF60335060FF60335060FF60335060FF60335060FF60335060FF60335060FF60335060FF60335060FF60335060FF60335060FF60335060FF60335060FF60335060FF60335060FF60335060FF60335060FF60335060FF60335060FF60335060FF60335060FF60335060FF60335060FF60335060FF60335060FF60335060FF60335060FF60335060FF60335060FF60335060FF60335060FF60335060FF60335060FF60335060FF60335060FF60335060FF60335060FF60335060FF60335060FF60335060FF60335060FF60335060FF60335060FF60335060FF60335060FF60335060FF60335060FF60335060FF60335060FF60335060FF60335060FF60335060FF60335060FF60335060FF60335060FF60335060FF60335060FF60335060FF60335060FF60335060FF60335060FF60335060FF60335060FF60335060FF60335060FF60335060FF60335060FF60335060FF60335060FF60335060FF60335060FF60335060FF60335060FF60335060FF60335060FF60335060FF60335060FF60335060FF60335060FF60335060FF60335060FF60335060FF60335060FF60335060FF60335060FF60335060FF60335060FF60335060FF60335060FF60335060FF60335060FF60335060FF60335060FF60335060FF60335060FF60335060FF60335060FF60335060FF60335060FF60335060FF60335060FF60335060FF60335060FF60335060FF60335060FF60335060FF60335060FF60335060FF60335060FF60335060FF60335060FF60335060FF60335060FF60335060FF60335060FF60335060FF60335060FF60335060FF60335060FF60335060FF60335060FF60335060FF60335060FF60335060FF60335060FF60335060FF60335060FF60335060FF60335060FF60335060FF60335060FF60335060FF60335060FF60335060FF60335060FF60335060FF60335060FF60335060FF60335060FF60335060FF60335060FF60335060FF60335060FF60335060FF60335060FF60335060FF60335060FF60335060FF60335060FF60335060FF60335060FF60335060FF60335060FF60335060FF60335060FF60335060FF60335060FF60335060FF60335060FF60335060FF60335060FF60335060FF60335060FF60335060FF60335060FF60335060FF60335060FF60335060FF60335060FF60335060FF60335060FF60335060FF60335060FF60335060FF60335060FF60335060FF60335060FF60335060FF60335060FF60335060FF60335060FF60335060FF60335060FF60335060FF60335060FF60335060FF60335060FF60335060FF60335060FF60335060FF60335060FF60335060FF60335060FF60335060FF60335060FF60335060FF60335060FF60335060FF60335060FF60335060FF60335060FF60335060FF60335060FF60335060FF60335060FF60335060FF60335060FF60335060FF60335060FF60335060FF60335060FF60335060FF60335060FF60335060FF60335060FF60335060FF60335060FF60335060FF60335060FF60335060FF60335060FF60335060FF60335060FF60335060FF60335060FF60335060FF60335060FF60335060FF60335060FF60335060FF60335060FF60335060FF60335060FF60335060FF60335060FF60335060FF60335060FF60335060FF60335060FF60335060FF60335060FF60335060FF60335060FF60335060FF60335060FF60335060FF60335060FF60335060FF60335060FF60335060FF60335060FF60335060FF60335060FF60335060FF60335060FF60335060FF60335060FF60335060FF60335060FF60335060FF60335060FF60335060FF60335060FF60335060FF60335060FF60335060FF60335060FF60335060FF60335060FF60335060FF60335060FF60335060FF60335060FF60335060FF60335060FF60335060FF60335060FF60335060FF60335060FF60335060FF60335060FF60335060FF60335060FF60335060FF60335060FF60335060FF60335060FF60335060FF60335060FF60335060FF60335060FF60335060FF60335060FF60335060FF60335060FF60335060FF60335060FF60335060FF60335060FF60335060FF60335060FF60335060FF60335060FF60335060FF60335060FF60335060FF60335060FF60335060FF60335060FF60335060FF60335060FF60335060FF60335060FF60335060FF60335060FF60335060FF60335060FF60335060FF60335060FF60335060FF60335060FF60335060FF60335060FF60335060FF60335060FF60335060FF60335060FF60335060FF60335060FF60335060FF60335060FF60335060FF60335060FF60335060FF60335060FF60335060FF60335060FF60335060FF60335060FF60335060FF60335060FF60335060FF60335060FF60335060FF60335060FF60335060FF60335060FF60335060FF60335060FF60335060FF60335060FF60335060FF60335060FF60335060FF60335060FF60335060FF60335060FF60335060FF60335060FF60335060FF60335060FF60335060FF60335060FF60335060FF60335060FF60335060FF60335060FF60335060FF60335060FF60335060FF60335060FF60335060FF60335060FF60335060FF60335060FF60335060FF60335060FF60335060FF60335060FF60335060FF60335060FF60335060FF60335060FF60335060FF60335060FF60335060FF60335060FF60335060FF60335060FF60335060FF60335060FF60335060FF60335060FF60335060FF60335060FF60335060FF60335060FF60335060FF60335060FF60335060FF60335060FF60335060FF60335060FF60335060FF60335060FF60335060FF60335060FF60335060FF60335060FF60335060FF60335060FF60335060FF60335060FF60335060FF60335060FF60335060FF60335060FF60335060FF60335060FF60335060FF60335060FF60335060FF60335060FF60335060FF60335060FF60335060FF60335060FF60335060FF60335060FF60335060FF60335060FF60335060FF60335060FF60335060FF60335060FF60335060FF60335060FF60335060FF60335060FF60335060FF60335060FF60335060FF60335060FF60335060FF60335060FF60335060FF60335060FF60335060FF60335060FF60335060FF60335060FF60335060FF60335060FF60335060FF60335060FF60335060FF60335060FF60335060FF60335060FF60335060FF60335060FF60335060FF60335060FF60335060FF60335060FF60335060FF60335060FF60335060FF60335060FF60335060FF60335060FF60335060FF60335060FF60335060FF60335060FF60335060FF60335060FF60335060FF60335060FF60335060FF60335060FF60335060FF60335060FF60335060FF60335060FF60335060FF60335060FF60335060FF60335060FF60335060FF60335060FF60335060FF60335060FF603350
800,60FF60335060FF60335060FF60335060FF60335060FF60335060FF60335060FF60335060FF60335060FF60335060FF60335060FF60335060FF60335060FF60335060FF60335060FF60335060FF60335060FF60335060FF60335060FF60335060FF60335060FF60335060FF60335060FF60335060FF60335060FF60335060FF60335060FF60335060FF60335060FF60335060FF60335060FF60335060FF60335060FF60335060FF60335060FF60335060FF60335060FF60335060FF60335060FF60335060FF60335060FF60335060FF60335060FF60335060FF60335060FF60335060FF60335060FF60335060FF60335060FF60335060FF60335060FF60335060FF60335060FF60335060FF60335060FF60335060FF60335060FF60335060FF60335060FF60335060FF60335060FF60335060FF60335060FF60335060FF60335060FF60335060FF60335060FF60335060FF60335060FF60335060FF60335060FF60335060FF60335060FF60335060FF60335060FF60335060FF60335060FF60335060FF60335060FF60335060FF60335060FF60335060FF60335060FF60335060FF60335060FF60335060FF60335060FF60335060FF60335060FF60335060FF60335060FF60335060FF60335060FF60335060FF60335060FF60335060FF60335060FF60335060FF60335060FF60335060FF60335060FF60335060FF60335060FF60335060FF60335060FF60335060FF60335060FF60335060FF60335060FF60335060FF60335060FF60335060FF60335060FF60335060FF60335060FF60335060FF60335060FF60335060FF60335060FF60335060FF60335060FF60335060FF60335060FF60335060FF60335060FF60335060FF60335060FF60335060FF60335060FF60335060FF60335060FF60335060FF60335060FF60335060FF60335060FF60335060FF60335060FF60335060FF60335060FF60335060FF60335060FF60335060FF60335060FF60335060FF60335060FF60335060FF60335060FF60335060FF60335060FF60335060FF60335060FF60335060FF60335060FF60335060FF60335060FF60335060FF60335060FF60335060FF60335060FF60335060FF60335060FF60335060FF60335060FF60335060FF60335060FF60335060FF60335060FF60335060FF60335060FF60335060FF60335060FF60335060FF60335060FF60335060FF60335060FF60335060FF60335060FF60335060FF60335060FF60335060FF60335060FF60335060FF60335060FF60335060FF60335060FF60335060FF60335060FF60335060FF60335060FF60335060FF60335060FF60335060FF60335060FF60335060FF60335060FF60335060FF60335060FF60335060FF60335060FF60335060FF60335060FF60335060FF60335060FF60335060FF60335060FF60335060FF60335060FF60335060FF60335060FF60335060FF60335060FF60335060FF60335060FF60335060FF60335060FF60335060FF60335060FF60335060FF60335060FF60335060FF60335060FF60335060FF60335060FF60335060FF60335060FF60335060FF60335060FF60335060FF60335060FF60335060FF60335060FF60335060FF60335060FF60335060FF60335060FF60335060FF60335060FF60335060FF60335060FF60335060FF60335060FF60335060FF60335060FF60335060FF60335060FF60335060FF60335060FF60335060FF60335060FF60335060FF60335060FF60335060FF60335060FF60335060FF60335060FF60335060FF60335060FF60335060FF60335060FF60335060FF60335060FF60335060FF60335060FF60335060FF60335060FF60335060FF60335060FF60335060FF60335060FF60335060FF60335060FF60335060FF60335060FF60335060FF60335060FF60335060FF60335060FF60335060FF60335060FF60335060FF60335060FF60335060FF60335060FF60335060FF60335060FF60335060FF60335060FF60335060FF60335060FF60335060FF60335060FF60335060FF60335060FF60335060FF60335060FF60335060FF60335060FF60335060FF60335060FF60335060FF60335060FF60335060FF60335060FF60335060FF60335060FF60335060FF60335060FF60335060FF60335060FF60335060FF60335060FF60335060FF60335060FF60335060FF60335060FF60335060FF60335060FF60335060FF60335060FF60335060FF60335060FF60335060FF60335060FF60335060FF60335060FF60335060FF60335060FF60335060FF60335060FF60335060FF60335060FF60335060FF60335060FF60335060FF60335060FF60335060FF60335060FF60335060FF60335060FF60335060FF60335060FF60335060FF60335060FF60335060FF60335060FF60335060FF60335060FF60335060FF60335060FF60335060FF60335060FF60335060FF60335060FF60335060FF60335060FF60335060FF60335060FF60335060FF60335060FF60335060FF60335060FF60335060FF60335060FF60335060FF60335060FF60335060FF60335060FF60335060FF60335060FF60335060FF60335060FF60335060FF60335060FF60335060FF60335060FF60335060FF60335060FF60335060FF60335060FF60335060FF60335060FF60335060FF60335060FF60335060FF60335060FF60335060FF60335060FF60335060FF60335060FF60335060FF60335060FF60335060FF60335060FF60335060FF60335060FF60335060FF60335060FF60335060FF60335060FF60335060FF60335060FF60335060FF60335060FF60335060FF60335060FF60335060FF60335060FF60335060FF60335060FF60335060FF60335060FF60335060FF60335060FF60335060FF60335060FF60335060FF60335060FF60335060FF60335060FF60335060FF60335060FF60335060FF60335060FF60335060FF60335060FF60335060FF60335060FF60335060FF60335060FF60335060FF60335060FF60335060FF60335060FF60335060FF60335060FF60335060FF60335060FF60335060FF60335060FF60335060FF60335060FF60335060FF60335060FF60335060FF60335060FF60335060FF60335060FF60335060FF60335060FF60335060FF60335060FF60335060FF60335060FF60335060FF60335060FF60335060FF60335060FF60335060FF60335060FF60335060FF60335060FF60335060FF60335060FF60335060FF60335060FF60335060FF60335060FF60335060FF60335060FF60335060FF60335060FF60335060FF60335060FF60335060FF60335060FF60335060FF60335060FF60335060FF60335060FF60335060FF60335060FF60335060FF60335060FF60335060FF60335060FF60335060FF60335060FF60335060FF60335060FF60335060FF60335060FF60335060FF60335060FF60335060FF60335060FF60335060FF60335060FF60335060FF60335060FF60335060FF60335060FF60335060FF60335060FF60335060FF60335060FF60335060FF60335060FF60335060FF60335060FF60335060FF60335060FF60335060FF60335060FF60335060FF60335060FF60335060FF60335060FF60335060FF60335060FF60335060FF60335060FF60335060FF60335060FF60335060FF60335060FF60335060FF60335060FF60335060FF60335060FF60335060FF60335060FF60335060FF60335060FF60335060FF60335060FF60335060FF60335060FF60335060FF60335060FF60335060FF60335060FF60335060FF60335060FF60335060FF60335060FF60335060FF60335060FF60335060FF60335060FF60335060FF60335060FF60335060FF60335060FF60335060FF60335060FF60335060FF60335060FF60335060FF60335060FF60335060FF60335060FF60335060FF60335060FF60335060FF60335060FF60335060FF60335060FF60335060FF60335060FF60335060FF60335060FF60335060FF60335060FF60335060FF60335060FF60335060FF60335060FF60335060FF60335060FF60335060FF60335060FF60335060FF60335060FF60335060FF60335060FF60335060FF60335060FF60335060FF60335060FF60335060FF60335060FF60335060FF60335060FF60335060FF60335060FF60335060FF60335060FF60335060FF60335060FF60335060FF60335060FF60335060FF60335060FF60335060FF60335060FF60335060FF60335060FF60335060FF60335060FF60335060FF60335060FF60335060FF60335060FF60335060FF60335060FF60335060FF60335060FF60335060FF60335060FF60335060FF60335060FF60335060FF60335060FF60335060FF60335060FF60335060FF60335060FF60335060FF60335060FF60335060FF60335060FF60335060FF60335060FF60335060FF60335060FF60335060FF60335060FF60335060FF60335060FF60335060FF60335060FF60335060FF60335060FF60335060FF60335060FF60335060FF60335060FF60335060FF60335060FF60335060FF60335060FF60335060FF60335060FF60335060FF60335060FF60335060FF60335060FF60335060FF60335060FF60335060FF60335060FF60335060FF60335060FF60335060FF60335060FF60335060FF60335060FF60335060FF60335060FF60335060FF60335060FF60335060FF60335060FF60335060FF60335060FF60335060FF60335060FF60335060FF60335060FF60335060FF60335060FF60335060FF60335060FF60335060FF60335060FF60335060FF60335060FF60335060FF60335060FF60335060FF60335060FF60335060FF60335060FF60335060FF60335060FF60335060FF60335060FF60335060FF60335060FF60335060FF60335060FF60335060FF60335060FF60335060FF60335060FF60335060FF60335060FF60335060FF60335060FF60335060FF60335060FF60335060FF60335060FF60335060FF60335060FF60335060FF60335060FF60335060FF60335060FF60335060FF60335060FF60335060FF60335060FF60335060FF60335060FF60335060FF60335060FF60335060FF60335060FF60335060FF60335060FF60335060FF60335060FF60335060FF60335060FF60335060FF60335060FF60335060FF60335060FF60335060FF60335060FF60335060FF60335060FF60335060FF60335060FF60335060FF60335060FF60335060FF60335060FF60335060FF60335060FF60335060FF60335060FF60335060FF60335060FF60335060FF60335060FF60335060FF60335060FF60335060FF60335060FF60335060FF60335060FF60335060FF60335060FF60335060FF60335060FF60335060FF60335060FF60335060FF60335060FF60335060FF60335060FF60335060FF60335060FF60335060FF60335060FF60335060FF60335060FF60335060FF60335060FF60335060FF60335060FF60335060FF60335060FF60335060FF60335060FF60335060FF60335060FF60335060FF60335060FF60335060FF60335060FF60335060FF60335060FF60335060FF60335060FF60335060FF60335060FF60335060FF603350
850,60FF60335060FF60335060FF60335060FF60335060FF60335060FF60335060FF60335060FF60335060FF60335060FF60335060FF60335060FF60335060FF60335060FF60335060FF60335060FF60335060FF60335060FF60335060FF60335060FF60335060FF60335060FF60335060FF60335060FF60335060FF60335060FF60335060FF60335060FF60335060FF60335060FF60335060FF60335060FF60335060FF60335060FF60335060FF60335060FF60335060FF60335060FF60335060FF60335060FF60335060FF60335060FF60335060FF60335060FF60335060FF60335060FF60335060FF60335060FF60335060FF60335060FF60335060FF60335060FF60335060FF60335060FF60335060FF60335060FF60335060FF60335060FF60335060FF60335060FF60335060FF60335060FF60335060FF60335060FF60335060FF60335060FF60335060FF60335060FF60335060FF60335060FF60335060FF60335060FF60335060FF60335060FF60335060FF60335060FF60335060FF60335060FF60335060FF60335060FF60335060FF60335060FF60335060FF60335060FF60335060FF60335060FF60335060FF60335060FF60335060FF60335060FF60335060FF60335060FF60335060FF60335060FF60335060FF60335060FF60335060FF60335060FF60335060FF60335060FF60335060FF60335060FF60335060FF60335060FF60335060FF60335060FF60335060FF60335060FF60335060FF60335060FF60335060FF60335060FF60335060FF60335060FF60335060FF60335060FF60335060FF60335060FF60335060FF60335060FF60335060FF60335060FF60335060FF60335060FF60335060FF60335060FF60335060FF60335060FF60335060FF60335060FF60335060FF60335060FF60335060FF60335060FF60335060FF60335060FF60335060FF60335060FF60335060FF60335060FF60335060FF60335060FF60335060FF60335060FF60335060FF60335060FF60335060FF60335060FF60335060FF60335060FF60335060FF60335060FF60335060FF60335060FF60335060FF60335060FF60335060FF60335060FF60335060FF60335060FF60335060FF60335060FF60335060FF60335060FF60335060FF60335060FF60335060FF60335060FF60335060FF60335060FF60335060FF60335060FF60335060FF60335060FF60335060FF60335060FF60335060FF60335060FF60335060FF60335060FF60335060FF60335060FF60335060FF60335060FF60335060FF60335060FF60335060FF60335060FF60335060FF60335060FF60335060FF60335060FF60335060FF60335060FF60335060FF60335060FF60335060FF60335060FF60335060FF60335060FF60335060FF60335060FF60335060FF60335060FF60335060FF60335060FF60335060FF60335060FF60335060FF60335060FF60335060FF60335060FF60335060FF60335060FF60335060FF60335060FF60335060FF60335060FF60335060FF60335060FF60335060FF60335060FF60335060FF60335060FF60335060FF60335060FF60335060FF60335060FF60335060FF60335060FF60335060FF60335060FF60335060FF60335060FF60335060FF60335060FF60335060FF60335060FF60335060FF60335060FF60335060FF60335060FF60335060FF60335060FF60335060FF60335060FF60335060FF60335060FF60335060FF60335060FF60335060FF60335060FF60335060FF60335060FF60335060FF60335060FF60335060FF60335060FF60335060FF60335060FF60335060FF60335060FF60335060FF60335060FF60335060FF60335060FF60335060FF60335060FF60335060FF60335060FF60335060FF60335060FF60335060FF60335060FF60335060FF60335060FF60335060FF60335060FF60335060FF60335060FF60335060FF60335060FF60335060FF60335060FF60335060FF60335060FF60335060FF60335060FF60335060FF60335060FF60335060FF60335060FF60335060FF60335060FF60335060FF60335060FF60335060FF60335060FF60335060FF60335060FF60335060FF60335060FF60335060FF60335060FF60335060FF60335060FF60335060FF60335060FF60335060FF60335060FF60335060FF60335060FF60335060FF60335060FF60335060FF60335060FF60335060FF60335060FF60335060FF60335060FF60335060FF60335060FF60335060FF60335060FF60335060FF60335060FF60335060FF60335060FF60335060FF60335060FF60335060FF60335060FF60335060FF60335060FF60335060FF60335060FF60335060FF60335060FF60335060FF60335060FF60335060FF60335060FF60335060FF60335060FF60335060FF60335060FF60335060FF60335060FF60335060FF60335060FF60335060FF60335060FF60335060FF60335060FF60335060FF60335060FF60335060FF60335060FF60335060FF60335060FF60335060FF60335060FF60335060FF60335060FF60335060FF60335060FF60335060FF60335060FF60335060FF60335060FF60335060FF60335060FF60335060FF60335060FF60335060FF60335060FF60335060FF60335060FF60335060FF60335060FF60335060FF60335060FF60335060FF60335060FF60335060FF60335060FF60335060FF60335060FF60335060FF60335060FF60335060FF60335060FF60335060FF60335060FF60335060FF60335060FF60335060FF60335060FF60335060FF60335060FF60335060FF60335060FF60335060FF60335060FF60335060FF60335060FF60335060FF60335060FF60335060FF60335060FF60335060FF60335060FF60335060FF60335060FF60335060FF60335060FF60335060FF60335060FF60335060FF60335060FF60335060FF60335060FF60335060FF60335060FF60335060FF60335060FF60335060FF60335060FF60335060FF60335060FF60335060FF60335060FF60335060FF60335060FF60335060FF60335060FF60335060FF60335060FF60335060FF60335060FF60335060FF60335060FF60335060FF60335060FF60335060FF60335060FF60335060FF60335060FF60335060FF60335060FF60335060FF60335060FF60335060FF60335060FF60335060FF60335060FF60335060FF60335060FF60335060FF60335060FF60335060FF60335060FF60335060FF60335060FF60335060FF60335060FF60335060FF60335060FF60335060FF60335060FF60335060FF60335060FF60335060FF60335060FF60335060FF60335060FF60335060FF60335060FF60335060FF60335060FF60335060FF60335060FF60335060FF60335060FF60335060FF60335060FF60335060FF60335060FF60335060FF60335060FF60335060FF60335060FF60335060FF60335060FF60335060FF60335060FF60335060FF60335060FF60335060FF60335060FF60335060FF60335060FF60335060FF60335060FF60335060FF60335060FF60335060FF60335060FF60335060FF60335060FF60335060FF60335060FF60335060FF60335060FF60335060FF60335060FF60335060FF60335060FF60335060FF60335060FF60335060FF60335060FF60335060FF60335060FF60335060FF60335060FF60335060FF60335060FF60335060FF60335060FF60335060FF60335060FF60335060FF60335060FF60335060FF60335060FF60335060FF60335060FF60335060FF60335060FF60335060FF60335060FF60335060FF60335060FF60335060FF60335060FF60335060FF60335060FF60335060FF60335060FF60335060FF60335060FF60335060FF60335060FF60335060FF60335060FF60335060FF60335060FF60335060FF60335060FF60335060FF60335060FF60335060FF60335060FF60335060FF60335060FF60335060FF60335060FF60335060FF60335060FF60335060FF60335060FF60335060FF60335060FF60335060FF60335060FF60335060FF60335060FF60335060FF60335060FF60335060FF60335060FF60335060FF60335060FF60335060FF60335060FF60335060FF60335060FF60335060FF60335060FF60335060FF60335060FF60335060FF60335060FF60335060FF60335060FF60335060FF60335060FF60335060FF60335060FF60335060FF60335060FF60335060FF60335060FF60335060FF60335060FF60335060FF60335060FF60335060FF60335060FF60335060FF60335060FF60335060FF60335060FF60335060FF60335060FF60335060FF60335060FF60335060FF60335060FF60335060FF60335060FF60335060FF60335060FF60335060FF60335060FF60335060FF60335060FF60335060FF60335060FF60335060FF60335060FF60335060FF60335060FF60335060FF60335060FF60335060FF60335060FF60335060FF60335060FF60335060FF60335060FF60335060FF60335060FF60335060FF60335060FF60335060FF60335060FF60335060FF60335060FF60335060FF60335060FF60335060FF60335060FF60335060FF60335060FF60335060FF60335060FF60335060FF60335060FF60335060FF60335060FF60335060FF60335060FF60335060FF60335060FF60335060FF60335060FF60335060FF60335060FF60335060FF60335060FF60335060FF60335060FF60335060FF60335060FF60335060FF60335060FF60335060FF60335060FF60335060FF60335060FF60335060FF60335060FF60335060FF60335060FF60335060FF60335060FF60335060FF60335060FF60335060FF60335060FF60335060FF60335060FF60335060FF60335060FF60335060FF60335060FF60335060FF60335060FF60335060FF60335060FF60335060FF60335060FF60335060FF60335060FF60335060FF60335060FF60335060FF60335060FF60335060FF60335060FF60335060FF60335060FF60335060FF60335060FF60335060FF60335060FF60335060FF60335060FF60335060FF60335060FF60335060FF60335060FF60335060FF60335060FF60335060FF60335060FF60335060FF60335060FF60335060FF60335060FF60335060FF60335060FF60335060FF60335060FF60335060FF60335060FF60335060FF60335060FF60335060FF60335060FF60335060FF60335060FF60335060FF60335060FF60335060FF60335060FF60335060FF60335060FF60335060FF60335060FF60335060FF60335060FF60335060FF60335060FF60335060FF60335060FF60335060FF60335060FF60335060FF60335060FF60335060FF60335060FF60335060FF60335060FF60335060FF60335060FF60335060FF60335060FF60335060FF60335060FF60335060FF60335060FF60335060FF60335060FF60335060FF60335060FF60335060FF60335060FF60335060FF60335060FF60335060FF60335060FF60335060FF60335060FF60335060FF60335060FF60335060FF60335060FF60335060FF60335060FF60335060FF60335060FF60335060FF60335060FF60335060FF60335060FF60335060FF60335060FF60335060FF60335060FF60335060FF60335060FF60335060FF60335060FF60335060FF60335060FF60335060FF60335060FF60335060FF60335060FF60335060FF60335060FF60335060FF60335060FF60335060FF60335060FF60335060FF60335060FF60335060FF60335060FF60335060FF60335060FF60335060FF60335060FF60335060FF60335060FF60335060FF60335060FF60335060FF60335060FF60335060FF60335060FF60335060FF60335060FF60335060FF60335060FF60335060FF60335060FF60335060FF60335060FF60335060FF60335060FF60335060FF60335060FF60335060FF60335060FF60335060FF60335060FF603350
900,60FF60335060FF60335060FF60335060FF60335060FF60335060FF60335060FF60335060FF60335060FF60335060FF60335060FF60335060FF60335060FF60335060FF60335060FF60335060FF60335060FF60335060FF60335060FF60335060FF60335060FF60335060FF60335060FF60335060FF60335060FF60335060FF60335060FF60335060FF60335060FF60335060FF60335060FF60335060FF60335060FF60335060FF60335060FF60335060FF60335060FF60335060FF60335060FF60335060FF60335060FF60335060FF60335060FF60335060FF60335060FF60335060FF60335060FF60335060FF60335060FF60335060FF60335060FF60335060FF60335060FF60335060FF60335060FF60335060FF60335060FF60335060FF60335060FF60335060FF60335060FF60335060FF60335060FF60335060FF60335060FF60335060FF60335060FF60335060FF60335060FF60335060FF60335060FF60335060FF60335060FF60335060FF60335060FF60335060FF60335060FF60335060FF60335060FF60335060FF60335060FF60335060FF60335060FF60335060FF60335060FF60335060FF60335060FF60335060FF60335060FF60335060FF60335060FF60335060FF60335060FF60335060FF60335060FF60335060FF60335060FF60335060FF60335060FF60335060FF60335060FF60335060FF60335060FF60335060FF60335060FF60335060FF60335060FF60335060FF60335060FF60335060FF60335060FF60335060FF60335060FF60335060FF60335060FF60335060FF60335060FF60335060FF60335060FF60335060FF60335060FF60335060FF60335060FF60335060FF60335060FF60335060FF60335060FF60335060FF60335060FF60335060FF60335060FF60335060FF60335060FF60335060FF60335060FF60335060FF60335060FF60335060FF60335060FF60335060FF60335060FF60335060FF60335060FF60335060FF60335060FF60335060FF60335060FF60335060FF60335060FF60335060FF60335060FF60335060FF60335060FF60335060FF60335060FF60335060FF60335060FF60335060FF60335060FF60335060FF60335060FF60335060FF60335060FF60335060FF60335060FF60335060FF60335060FF60335060FF60335060FF60335060FF60335060FF60335060FF60335060FF60335060FF60335060FF60335060FF60335060FF60335060FF60335060FF60335060FF60335060FF60335060FF60335060FF60335060FF60335060FF60335060FF60335060FF60335060FF60335060FF60335060FF60335060FF60335060FF60335060FF60335060FF60335060FF60335060FF60335060FF60335060FF60335060FF60335060FF60335060FF60335060FF60335060FF60335060FF60335060FF60335060FF60335060FF60335060FF60335060FF60335060FF60335060FF60335060FF60335060FF60335060FF60335060FF60335060FF60335060FF60335060FF60335060FF60335060FF60335060FF60335060FF60335060FF60335060FF60335060FF60335060FF60335060FF60335060FF60335060FF60335060FF60335060FF60335060FF60335060FF60335060FF60335060FF60335060FF60335060FF60335060FF60335060FF60335060FF60335060FF60335060FF60335060FF60335060FF60335060FF60335060FF60335060FF60335060FF60335060FF60335060FF60335060FF60335060FF60335060FF60335060FF60335060FF60335060FF60335060FF60335060FF60335060FF60335060FF60335060FF60335060FF60335060FF60335060FF60335060FF60335060FF60335060FF60335060FF60335060FF60335060FF60335060FF60335060FF60335060FF60335060FF60335060FF60335060FF60335060FF60335060FF60335060FF60335060FF60335060FF60335060FF60335060FF60335060FF60335060FF60335060FF60335060FF60335060FF60335060FF60335060FF60335060FF60335060FF60335060FF60335060FF60335060FF60335060FF60335060FF60335060FF60335060FF60335060FF60335060FF60335060FF60335060FF60335060FF60335060FF60335060FF60335060FF60335060FF60335060FF60335060FF60335060FF60335060FF60335060FF60335060FF60335060FF60335060FF60335060FF60335060FF60335060FF60335060FF60335060FF60335060FF60335060FF60335060FF60335060FF60335060FF60335060FF60335060FF60335060FF60335060FF60335060FF60335060FF60335060FF60335060FF60335060FF60335060FF60335060FF60335060FF60335060FF60335060FF60335060FF60335060FF60335060FF60335060FF60335060FF60335060FF60335060FF60335060FF60335060FF60335060FF60335060FF60335060FF60335060FF60335060FF60335060FF60335060FF60335060FF60335060FF60335060FF60335060FF60335060FF60335060FF60335060FF60335060FF60335060FF60335060FF60335060FF60335060FF60335060FF60335060FF60335060FF60335060FF60335060FF60335060FF60335060FF60335060FF60335060FF60335060FF60335060FF60335060FF60335060FF60335060FF60335060FF60335060FF60335060FF60335060FF60335060FF60335060FF60335060FF60335060FF60335060FF60335060FF60335060FF60335060FF60335060FF60335060FF60335060FF60335060FF60335060FF60335060FF60335060FF60335060FF60335060FF60335060FF60335060FF60335060FF60335060FF60335060FF60335060FF60335060FF60335060FF60335060FF60335060FF60335060FF60335060FF60335060FF60335060FF60335060FF60335060FF60335060FF60335060FF60335060FF60335060FF60335060FF60335060FF60335060FF60335060FF60335060FF60335060FF60335060FF60335060FF60335060FF60335060FF60335060FF60335060FF60335060FF60335060FF60335060FF60335060FF60335060FF60335060FF60335060FF60335060FF60335060FF60335060FF60335060FF60335060FF60335060FF60335060FF60335060FF60335060FF60335060FF60335060FF60335060FF60335060FF60335060FF60335060FF60335060FF60335060FF60335060FF60335060FF60335060FF60335060FF60335060FF60335060FF60335060FF60335060FF60335060FF60335060FF60335060FF60335060FF60335060FF60335060FF60335060FF60335060FF60335060FF60335060FF60335060FF60335060FF60335060FF60335060FF60335060FF60335060FF60335060FF60335060FF60335060FF60335060FF60335060FF60335060FF60335060FF60335060FF60335060FF60335060FF60335060FF60335060FF60335060FF60335060FF60335060FF60335060FF60335060FF60335060FF60335060FF60335060FF60335060FF60335060FF60335060FF60335060FF60335060FF60335060FF60335060FF60335060FF60335060FF60335060FF60335060FF60335060FF60335060FF60335060FF60335060FF60335060FF60335060FF60335060FF60335060FF60335060FF60335060FF60335060FF60335060FF60335060FF60335060FF60335060FF60335060FF60335060FF60335060FF60335060FF60335060FF60335060FF60335060FF60335060FF60335060FF60335060FF60335060FF60335060FF60335060FF60335060FF60335060FF60335060FF60335060FF60335060FF60335060FF60335060FF60335060FF60335060FF60335060FF60335060FF60335060FF60335060FF60335060FF60335060FF60335060FF60335060FF60335060FF60335060FF60335060FF60335060FF60335060FF60335060FF60335060FF60335060FF60335060FF60335060FF60335060FF60335060FF60335060FF60335060FF60335060FF60335060FF60335060FF60335060FF60335060FF60335060FF60335060FF60335060FF60335060FF60335060FF60335060FF60335060FF60335060FF60335060FF60335060FF60335060FF60335060FF60335060FF60335060FF60335060FF60335060FF60335060FF60335060FF60335060FF60335060FF60335060FF60335060FF60335060FF60335060FF60335060FF60335060FF60335060FF60335060FF60335060FF60335060FF60335060FF60335060FF60335060FF60335060FF60335060FF60335060FF60335060FF60335060FF60335060FF60335060FF60335060FF60335060FF60335060FF60335060FF60335060FF60335060FF60335060FF60335060FF60335060FF60335060FF60335060FF60335060FF60335060FF60335060FF60335060FF60335060FF60335060FF60335060FF60335060FF60335060FF60335060FF60335060FF60335060FF60335060FF60335060FF60335060FF60335060FF60335060FF60335060FF60335060FF60335060FF60335060FF60335060FF60335060FF60335060FF60335060FF60335060FF60335060FF60335060FF60335060FF60335060FF60335060FF60335060FF60335060FF60335060FF60335060FF60335060FF60335060FF60335060FF60335060FF60335060FF60335060FF60335060FF60335060FF60335060FF60335060FF60335060FF60335060FF60335060FF60335060FF60335060FF60335060FF60335060FF60335060FF60335060FF60335060FF60335060FF60335060FF60335060FF60335060FF60335060FF60335060FF60335060FF60335060FF60335060FF60335060FF60335060FF60335060FF60335060FF60335060FF60335060FF60335060FF60335060FF60335060FF60335060FF60335060FF60335060FF60335060FF60335060FF60335060FF60335060FF60335060FF60335060FF60335060FF60335060FF60335060FF60335060FF60335060FF60335060FF60335060FF60335060FF60335060FF60335060FF60335060FF60335060FF60335060FF60335060FF60335060FF60335060FF60335060FF60335060FF60335060FF60335060FF60335060FF60335060FF60335060FF60335060FF60335060FF60335060FF60335060FF60335060FF60335060FF60335060FF60335060FF60335060FF60335060FF60335060FF60335060FF60335060FF60335060FF60335060FF60335060FF60335060FF60335060FF60335060FF60335060FF60335060FF60335060FF60335060FF60335060FF60335060FF60335060FF60335060FF60335060FF60335060FF60335060FF60335060FF60335060FF60335060FF60335060FF60335060FF60335060FF60335060FF60335060FF60335060FF60335060FF60335060FF60335060FF60335060FF60335060FF60335060FF60335060FF60335060FF60335060FF60335060FF60335060FF60335060FF60335060FF60335060FF60335060FF60335060FF60335060FF60335060FF60335060FF60335060FF60335060FF60335060FF60335060FF60335060FF60335060FF60335060FF60335060FF60335060FF60335060FF60335060FF60335060FF60335060FF60335060FF60335060FF60335060FF60335060FF60335060FF60335060FF60335060FF60335060FF60335060FF60335060FF60335060FF60335060FF60335060FF60335060FF60335060FF60335060FF60335060FF60335060FF60335060FF60335060FF60335060FF60335060FF60335060FF60335060FF60335060FF60335060FF60335060FF60335060FF60335060FF60335060FF60335060FF60335060FF60335060FF60335060FF60335060FF60335060FF60335060FF60335060FF60335060FF60335060FF60335060FF60335060FF60335060FF60335060FF60335060FF60335060FF60335060FF60335060FF60335060FF60335060FF60335060FF60335060FF60335060FF60335060FF60335060FF60335060FF60335060FF60335060FF60335060FF60335060FF60335060FF60335060FF60335060FF60335060FF60335060FF60335060FF60335060FF60335060FF60335060FF60335060FF60335060FF60335060FF60335060FF60335060FF60335060FF60335060FF60335060FF60335060FF60335060FF60335060FF60335060FF60335060FF60335060FF60335060FF60335060FF60335060FF60335060FF60335060FF60335060FF60335060FF60335060FF60335060FF60335060FF60335060FF60335060FF603350
950,60FF60335060FF60335060FF60335060FF60335060FF60335060FF60335060FF60335060FF60335060FF60335060FF60335060FF60335060FF60335060FF60335060FF60335060FF60335060FF60335060FF60335060FF60335060FF60335060FF60335060FF60335060FF60335060FF60335060FF60335060FF60335060FF60335060FF60335060FF60335060FF60335060FF60335060FF60335060FF60335060FF60335060FF60335060FF60335060FF60335060FF60335060FF60335060FF60335060FF60335060FF60335060FF60335060FF60335060FF60335060FF60335060FF60335060FF60335060FF60335060FF60335060FF60335060FF60335060FF60335060FF60335060FF60335060FF60335060FF60335060FF60335060FF60335060FF60335060FF60335060FF60335060FF60335060FF60335060FF60335060FF60335060FF60335060FF60335060FF60335060FF60335060FF60335060FF60335060FF60335060FF60335060FF60335060FF60335060FF60335060FF60335060FF60335060FF60335060FF60335060FF60335060FF60335060FF60335060FF60335060FF60335060FF60335060FF60335060FF60335060FF60335060FF60335060FF60335060FF60335060FF60335060FF60335060FF60335060FF60335060FF60335060FF60335060FF60335060FF60335060FF60335060FF60335060FF60335060FF60335060FF60335060FF60335060FF60335060FF60335060FF60335060FF60335060FF60335060FF60335060FF60335060FF60335060FF60335060FF60335060FF60335060FF60335060FF60335060FF60335060FF60335060FF60335060FF60335060FF60335060FF60335060FF60335060FF60335060FF60335060FF60335060FF60335060FF60335060FF60335060FF60335060FF60335060FF60335060FF60335060FF60335060FF60335060FF60335060FF60335060FF60335060FF60335060FF60335060FF60335060FF60335060FF60335060FF60335060FF60335060FF60335060FF60335060FF60335060FF60335060FF60335060FF60335060FF60335060FF60335060FF60335060FF60335060FF60335060FF60335060FF60335060FF60335060FF60335060FF60335060FF60335060FF60335060FF60335060FF60335060FF60335060FF60335060FF60335060FF60335060FF60335060FF60335060FF60335060FF60335060FF60335060FF60335060FF60335060FF60335060FF60335060FF60335060FF60335060FF60335060FF60335060FF60335060FF60335060FF60335060FF60335060FF60335060FF60335060FF60335060FF60335060FF60335060FF60335060FF60335060FF60335060FF60335060FF60335060FF60335060FF60335060FF60335060FF60335060FF60335060FF60335060FF60335060FF60335060FF60335060FF60335060FF60335060FF60335060FF60335060FF60335060FF60335060FF60335060FF60335060FF60335060FF60335060FF60335060FF60335060FF60335060FF60335060FF60335060FF60335060FF60335060FF60335060FF60335060FF60335060FF60335060FF60335060FF60335060FF60335060FF60335060FF60335060FF60335060FF60335060FF60335060FF60335060FF60335060FF60335060FF60335060FF60335060FF60335060FF60335060FF60335060FF60335060FF60335060FF60335060FF60335060FF60335060FF60335060FF60335060FF60335060FF60335060FF60335060FF60335060FF60335060FF60335060FF60335060FF60335060FF60335060FF60335060FF60335060FF60335060FF60335060FF60335060FF60335060FF60335060FF60335060FF60335060FF60335060FF60335060FF60335060FF60335060FF60335060FF60335060FF60335060FF60335060FF60335060FF60335060FF60335060FF60335060FF60335060FF60335060FF60335060FF60335060FF60335060FF60335060FF60335060FF60335060FF60335060FF60335060FF60335060FF60335060FF60335060FF60335060FF60335060FF60335060FF60335060FF60335060FF60335060FF60335060FF60335060FF60335060FF60335060FF60335060FF60335060FF60335060FF60335060FF60335060FF60335060FF60335060FF60335060FF60335060FF60335060FF60335060FF60335060FF60335060FF60335060FF60335060FF60335060FF60335060FF60335060FF60335060FF60335060FF60335060FF60335060FF60335060FF60335060FF60335060FF60335060FF60335060FF60335060FF60335060FF60335060FF60335060FF60335060FF60335060FF60335060FF60335060FF60335060FF60335060FF60335060FF60335060FF60335060FF60335060FF60335060FF60335060FF60335060FF60335060FF60335060FF60335060FF60335060FF60335060FF60335060FF60335060FF60335060FF60335060FF60335060FF60335060FF60335060FF60335060FF60335060FF60335060FF60335060FF60335060FF60335060FF60335060FF60335060FF60335060FF60335060FF60335060FF60335060FF60335060FF60335060FF60335060FF60335060FF60335060FF60335060FF60335060FF60335060FF60335060FF60335060FF60335060FF60335060FF60335060FF60335060FF60335060FF60335060FF60335060FF60335060FF60335060FF60335060FF60335060FF60335060FF60335060FF60335060FF60335060FF60335060FF60335060FF60335060FF60335060FF60335060FF60335060FF60335060FF60335060FF60335060FF60335060FF60335060FF60335060FF60335060FF60335060FF60335060FF60335060FF60335060FF60335060FF60335060FF60335060FF60335060FF60335060FF60335060FF60335060FF60335060FF60335060FF60335060FF60335060FF60335060FF60335060FF60335060FF60335060FF60335060FF60335060FF60335060FF60335060FF60335060FF60335060FF60335060FF60335060FF60335060FF60335060FF60335060FF60335060FF60335060FF60335060FF60335060FF60335060FF60335060FF60335060FF60335060FF60335060FF60335060FF60335060FF60335060FF60335060FF60335060FF60335060FF60335060FF60335060FF60335060FF60335060FF60335060FF60335060FF60335060FF60335060FF60335060FF60335060FF60335060FF60335060FF60335060FF60335060FF60335060FF60335060FF60335060FF60335060FF60335060FF60335060FF60335060FF60335060FF60335060FF60335060FF60335060FF60335060FF60335060FF60335060FF60335060FF60335060FF60335060FF60335060FF60335060FF60335060FF60335060FF60335060FF60335060FF60335060FF60335060FF60335060FF60335060FF60335060FF60335060FF60335060FF60335060FF60335060FF60335060FF60335060FF60335060FF60335060FF60335060FF60335060FF60335060FF60335060FF60335060FF60335060FF60335060FF60335060FF60335060FF60335060FF60335060FF60335060FF60335060FF60335060FF60335060FF60335060FF60335060FF60335060FF60335060FF60335060FF60335060FF60335060FF60335060FF60335060FF60335060FF60335060FF60335060FF60335060FF60335060FF60335060FF60335060FF60335060FF60335060FF60335060FF60335060FF60335060FF60335060FF60335060FF60335060FF60335060FF60335060FF60335060FF60335060FF60335060FF60335060FF60335060FF60335060FF60335060FF60335060FF60335060FF60335060FF60335060FF60335060FF60335060FF60335060FF60335060FF60335060FF60335060FF60335060FF60335060FF60335060FF60335060FF60335060FF60335060FF60335060FF60335060FF60335060FF60335060FF60335060FF60335060FF60335060FF60335060FF60335060FF60335060FF60335060FF60335060FF60335060FF60335060FF60335060FF60335060FF60335060FF60335060FF60335060FF60335060FF60335060FF60335060FF60335060FF60335060FF60335060FF60335060FF60335060FF60335060FF60335060FF60335060FF60335060FF60335060FF60335060FF60335060FF60335060FF60335060FF60335060FF60335060FF60335060FF60335060FF60335060FF60335060FF60335060FF60335060FF60335060FF60335060FF60335060FF60335060FF60335060FF60335060FF60335060FF60335060FF60335060FF60335060FF60335060FF60335060FF60335060FF60335060FF60335060FF60335060FF60335060FF60335060FF60335060FF60335060FF60335060FF60335060FF60335060FF60335060FF60335060FF60335060FF60335060FF60335060FF60335060FF60335060FF60335060FF60335060FF60335060FF60335060FF60335060FF60335060FF60335060FF60335060FF60335060FF60335060FF60335060FF60335060FF60335060FF60335060FF60335060FF60335060FF60335060FF60335060FF60335060FF60335060FF60335060FF60335060FF60335060FF60335060FF60335060FF60335060FF60335060FF60335060FF60335060FF60335060FF60335060FF60335060FF60335060FF60335060FF60335060FF60335060FF60335060FF60335060FF60335060FF60335060FF60335060FF60335060FF60335060FF60335060FF60335060FF60335060FF60335060FF60335060FF60335060FF60335060FF60335060FF60335060FF60335060FF60335060FF60335060FF60335060FF60335060FF60335060FF60335060FF60335060FF60335060FF60335060FF60335060FF60335060FF60335060FF60335060FF60335060FF60335060FF60335060FF60335060FF60335060FF60335060FF60335060FF60335060FF60335060FF60335060FF60335060FF60335060FF60335060FF60335060FF60335060FF60335060FF60335060FF60335060FF60335060FF60335060FF60335060FF60335060FF60335060FF60335060FF60335060FF60335060FF60335060FF60335060FF60335060FF60335060FF60335060FF60335060FF60335060FF60335060FF60335060FF60335060FF60335060FF60335060FF60335060FF60335060FF60335060FF60335060FF60335060FF60335060FF60335060FF60335060FF60335060FF60335060FF60335060FF60335060FF60335060FF60335060FF60335060FF60335060FF60335060FF60335060FF60335060FF60335060FF60335060FF60335060FF60335060FF60335060FF60335060FF60335060FF60335060FF60335060FF60335060FF60335060FF60335060FF60335060FF60335060FF60335060FF60335060FF60335060FF60335060FF60335060FF60335060FF60335060FF60335060FF60335060FF60335060FF60335060FF60335060FF60335060FF60335060FF60335060FF60335060FF60335060FF60335060FF60335060FF60335060FF60335060FF60335060FF60335060FF60335060FF60335060FF60335060FF60335060FF60335060FF60335060FF60335060FF60335060FF60335060FF60335060FF60335060FF60335060FF60335060FF60335060FF60335060FF60335060FF60335060FF60335060FF60335060FF60335060FF60335060FF60335060FF60335060FF60335060FF60335060FF60335060FF60335060FF60335060FF60335060FF60335060FF60335060FF60335060FF60335060FF60335060FF60335060FF60335060FF60335060FF60335060FF60335060FF60335060FF60335060FF60335060FF60335060FF60335060FF60335060FF60335060FF60335060FF60335060FF60335060FF60335060FF60335060FF60335060FF60335060FF60335060FF60335060FF60335060FF60335060FF60335060FF60335060FF60335060FF60335060FF60335060FF60335060FF60335060FF60335060FF60335060FF60335060FF60335060FF60335060FF60335060FF60335060FF60335060FF60335060FF60335060FF60335060FF60335060FF60335060FF60335060FF60335060FF60335060FF60335060FF60335060FF60335060FF60335060FF60335060FF60335060FF60335060FF60335060FF60335060FF60335060FF60335060FF60335060FF60335060FF60335060FF60335060FF60335060FF60335060FF60335060FF60335060FF60335060FF60335060FF60335060FF60335060FF60335060FF60335060FF60335060FF60335060FF60335060FF60335060FF60335060FF60335060FF60335060FF60335060FF60335060FF60335060FF60335060FF60335060FF60335060FF60335060FF60335060FF60335060FF60335060FF60335060FF60335060FF60335060FF60335060FF60335060FF60335060FF60335060FF60335060FF60335060FF60335060FF60335060FF60335060FF60335060FF60335060FF60335060FF60335060FF60335060FF60335060FF60335060FF60335060FF60335060FF60335060FF60335060FF603350
