geth_gas,evmone_gas,besu_gas,nethermind_gas,ethereumjs_gas,erigon_gas,revm_gas,geth_gas_stderr,evmone_gas_stderr,besu_gas_stderr,nethermind_gas_stderr,ethereumjs_gas_stderr,erigon_gas_stderr,revm_gas_stderr,opcode,constant_current_gas,alternative_gas,alternative_gas_stderr,alternative_gas_rel_stderr,alternative_gas_rel_diff,gas diff %,gas std err %
2.042429893,0.797790701,2.467383237,1.791004502,1.9038907,2.297045249,1.781678347,0.03593403,0.043104876,0.012920624,0.159827312,0.060118601,0.213086441,0.077332669,ADD,3,1.86874609,0.203175845,0.108723088,0.377084637,-37.71%,10.87%
2.849670995,3.238738591,7.864509874,4.814883225,2.030000968,2.72817363,2.994818149,0.04724359,0.050835645,0.014181146,0.163034474,0.058877055,0.227908355,0.081771891,MUL,5,3.788685062,0.751149881,0.198261367,0.242262988,-24.23%,19.83%
2.062741162,0.782679717,5.761221017,2.005547646,1.923948172,2.1089401,1.851652922,0.031881969,0.045782366,0.011980166,0.165256629,0.079557456,0.22048206,0.073968749,SUB,3,2.356675819,0.593250823,0.251732045,0.214441394,-21.44%,25.17%
2.190272493,5.658245337,2.402537301,2.544385104,1.639488381,2.249890955,6.962919025,0.048113262,0.070503228,0.014496661,0.169490275,0.0630413,0.243043598,0.098406172,DIV,5,3.378248371,0.777715723,0.230212713,0.324350326,-32.44%,23.02%
2.751132047,7.638832107,5.154587701,3.362148973,1.255801151,2.54873725,12.35396635,0.069263302,0.08732316,0.072131638,0.125762732,0.078054199,0.225470677,0.046651191,SDIV,5,5.009315083,1.454346712,0.290328456,0.001863017,0.19%,29.03%
2.713619672,6.417067883,4.50874204,2.310068959,1.977392329,2.510656585,7.212727867,0.053876956,0.052658608,0.073477115,0.186682917,0.071512457,0.245951938,0.093638962,MOD,5,3.950039334,0.805116235,0.203824865,0.209992133,-21.00%,20.38%
2.938757391,7.858040966,4.492249282,3.669563968,1.662582488,2.782043839,8.833070523,0.047342893,0.096194035,0.075802254,0.182097307,0.053484939,0.233721283,0.055928,SMOD,5,4.605186923,1.024741121,0.222518898,0.078962615,-7.90%,22.25%
4.655142597,6.797327796,5.484568204,3.94107488,2.130167016,2.945476338,13.07084475,0.038409804,0.068466626,0.087988447,0.14923499,0.070861417,0.245511393,0.037402511,ADDMOD,8,5.574943083,1.380019578,0.247539671,0.303132115,-30.31%,24.75%
6.996113961,12.46283853,5.751300644,10.8830754,2.126475152,6.756698378,15.47706471,0.033501675,0.05600669,0.104465705,0.239986722,0.062881948,0.216619353,0.063401677,MULMOD,8,8.636223825,1.714160991,0.198485012,0.079527978,7.95%,19.85%
6.690697906,15.39966052,18.33860443,20.88235902,10.1908829,9.365724061,16.16884905,0.034858763,0.0549082,0.058127169,0.269574758,0.10579913,0.232599251,0.062942426,EXP,10,13.86239684,1.96476432,0.141733377,0.386239684,38.62%,14.17%
3.768394596,1.014661471,7.386577876,2.828199964,2.525137218,3.172912455,6.036780351,0.029925945,0.041688687,0.014550282,0.188572314,0.049228138,0.230989051,0.08551019,SIGNEXTEND,5,3.81895199,0.824999737,0.216027784,0.236209602,-23.62%,21.60%
2.066925478,0.728695833,8.103453882,2.67514898,2.104963855,2.094174614,1.902699628,0.030542795,0.037521093,0.014615346,0.423533065,0.129328408,0.222818215,0.070600705,LT,3,2.810866039,0.909676764,0.323628644,0.063044654,-6.30%,32.36%
2.159576112,0.749296997,8.112619263,1.728299855,2.106935534,2.35476163,1.957883147,0.033997737,0.042662383,0.014551907,0.159600462,0.131315687,0.197006776,0.065457515,GT,3,2.738481791,0.917414004,0.335008254,0.087172736,-8.72%,33.50%
2.516790784,0.832671529,1.767929519,2.34493102,1.525484137,2.513085746,3.27740928,0.031364362,0.042788043,0.014490653,0.166909143,0.050615491,0.226375946,0.063708093,SLT,3,2.111186002,0.302222839,0.143153108,0.296271333,-29.63%,14.32%
2.464899399,0.789096473,1.761621731,2.344492404,1.62234815,2.462871185,3.260198579,0.031058161,0.041427173,0.010174447,0.17132921,0.058150955,0.228455684,0.070972267,SGT,3,2.100789703,0.298080334,0.141889659,0.299736766,-29.97%,14.19%
2.006426216,0.667896852,5.594897785,1.609192289,2.158732389,2.126241916,1.661593702,0.035972999,0.048116144,0.010181074,0.119476528,0.127704367,0.206812835,0.075555689,EQ,3,2.260711593,0.588185647,0.260177215,0.246429469,-24.64%,26.02%
1.642488318,0.526918728,3.079554043,1.125110747,1.149875422,1.809629406,1.578467185,0.035157985,0.046051087,0.010276727,0.136837081,0.035964907,0.215840018,0.064112236,ISZERO,3,1.558863407,0.300914613,0.193034625,0.480378864,-48.04%,19.30%
2.041975819,0.504750178,5.722808371,3.521066017,1.660018874,1.896352822,1.444450068,0.030873592,0.04508521,0.009325621,0.151758947,0.074307753,0.217694561,0.077175551,AND,3,2.398774593,0.649767273,0.270874669,0.200408469,-20.04%,27.09%
2.012192468,0.610630984,5.710423921,3.280013062,1.589213919,2.252629714,1.441132813,0.032118063,0.047933044,0.013294688,0.144982302,0.063032517,0.204572974,0.08250689,OR,3,2.413748126,0.630244869,0.261106311,0.195417291,-19.54%,26.11%
2.049358184,0.482070712,5.709764707,3.42081604,1.651658417,2.267931045,1.397462122,0.031050432,0.050742887,0.010458402,0.153454382,0.073912896,0.215263487,0.081070773,XOR,3,2.425580175,0.643205687,0.265176016,0.191473275,-19.15%,26.52%
1.664440112,0.577750521,3.258285616,2.555029732,1.457148576,1.773394427,1.241746252,0.030867738,0.051114544,0.014732778,0.146985644,0.049105801,0.2039656,0.077395751,NOT,3,1.789685034,0.332311333,0.185681462,0.403438322,-40.34%,18.57%
2.342099226,0.923753096,6.284261823,1.952148936,2.291537591,2.388114958,4.773647559,0.027326503,0.046181214,0.012502569,0.168420627,0.062546575,0.206631374,0.114750521,BYTE,3,2.993651884,0.701187226,0.234224704,0.002116039,-0.21%,23.42%
2.938215432,1.602058775,4.106339937,3.527506971,1.907269454,2.474731205,5.224013759,0.028308703,0.054852039,0.050885575,0.182970849,0.059940661,0.23194995,0.163192524,SHL,3,3.111447933,0.482788742,0.155165297,0.037149311,3.71%,15.52%
3.024533441,1.530218817,4.338763794,3.013775403,1.146364327,2.63934256,6.5882643,0.036413732,0.051346575,0.057582184,0.168799579,0.075095944,0.243103019,0.130764397,SHR,3,3.18303752,0.69282887,0.217662803,0.061012507,6.10%,21.77%
3.033195025,2.82528647,4.206264902,3.752015317,1.292384143,2.717742529,8.664475897,0.048897364,0.062100924,0.066240136,0.170172616,0.067564375,0.272812379,0.072478551,SAR,3,3.784480612,0.884068899,0.23360376,0.261493537,26.15%,23.36%
5.085189768,5.059365416,0.703159155,1.666369645,2.570985951,5.495606783,1.561880908,0.018409774,0.061374129,0.041801289,0.116056233,0.024830069,0.110525031,0.071410264,ADDRESS,2,3.163222518,0.754933799,0.23865972,0.581611259,58.16%,23.87%
2.291189227,7.122391483,0.614467835,1.638851853,2.550168002,3.219399921,1.717518725,0.0235273,0.051269464,0.035324451,0.107037717,0.026493839,0.129973536,0.070502179,ORIGIN,2,2.736283864,0.793551874,0.290010801,0.368141932,36.81%,29.00%
2.931838865,5.102074514,0.66418548,1.521041966,2.550159371,2.606572707,1.583618688,0.034524981,0.055450503,0.034252619,0.123157717,0.024500849,0.09128588,0.075969915,CALLER,2,2.422784513,0.536694982,0.2215199,0.211392256,21.14%,22.15%
1.969758517,3.112559706,0.687738187,1.022205249,1.348967307,1.131167225,1.677867767,0.025632622,0.051592298,0.043833035,0.141115884,0.019705837,0.084999306,0.076456493,CALLVALUE,2,1.564323423,0.303574023,0.194060907,0.217838289,-21.78%,19.41%
1.733425188,3.782734031,4.264135762,2.289727956,1.386182751,1.822906436,2.570287515,0.916519435,0.175201244,0.020244086,0.177068923,0.098562145,0.065745716,0.143768669,CALLDATALOAD,3,2.549914234,0.410457867,0.160969283,0.150028589,-15.00%,16.10%
1.601826721,0.951108741,0.755481248,1.250538439,1.306047803,1.497744234,1.369480097,0.02607352,0.059095841,0.026036356,0.13438804,0.027485969,0.08949051,0.07172273,CALLDATASIZE,2,1.24746104,0.113012435,0.09059396,0.37626948,-37.63%,9.06%
5.478203052,5.690450352,3.011824682,10.53299962,11.52115617,6.589812662,4.443170871,0.839348535,0.212451267,0.059098881,0.255152106,0.068745695,0.254937758,0.087079664,CALLDATACOPY,2,6.752516773,1.186593376,0.175726091,2.376258387,237.63%,17.57%
1.560173972,0.973311929,0.770440727,1.235137892,1.389455297,1.404733579,1.441562105,0.017112301,0.059357383,0.015367127,0.104542631,0.025450878,0.078910379,0.071605283,CODESIZE,2,1.253545072,0.107233667,0.085544325,0.373227464,-37.32%,8.55%
5.259227069,5.639635878,3.079250088,10.65244831,9.895088109,4.646472252,5.836144941,0.601632058,0.601072775,0.063363713,0.262127507,0.354921341,0.121033274,0.068934577,CODECOPY,2,6.429752378,1.053254024,0.163809422,2.214876189,221.49%,16.38%
2.021864733,5.045813158,0.642365954,1.163177807,1.19575724,1.3663195,1.728563234,0.017853937,0.059446645,0.035510487,0.103969372,0.025761833,0.077057206,0.072633737,GASPRICE,2,1.880551661,0.552980182,0.294052109,0.05972417,-5.97%,29.41%
1.652409592,0.995653671,0.720769489,1.856607847,1.276280578,1.333990229,1.386846904,0.027144596,0.054756411,0.033521527,0.111950268,0.040124075,0.09305139,0.076307244,RETURNDATASIZE,2,1.31750833,0.143862867,0.109193137,0.341245835,-34.12%,10.92%
6.857318665,4.983005152,3.58065639,11.12581692,11.48635546,6.86883272,0,1.222798455,0.427539534,0.087057749,0.409968306,0.088772939,0.176763776,0,RETURNDATACOPY,3,6.414569329,1.539545301,0.240007586,1.138189776,113.82%,24.00%
2.322998822,7.495922894,0.703765473,1.855097498,4.417858826,3.084521968,1.580184353,0.019430166,0.063678731,0.034601339,0.102242714,0.028623782,0.102699953,0.070700293,COINBASE,2,3.065764262,0.862695354,0.281396507,0.532882131,53.29%,28.14%
1.981842746,2.575994195,0.742240723,1.212402003,1.292005822,1.580228527,1.693829619,0.025421503,0.049230985,0.014392012,0.125750751,0.039707431,0.087078617,0.064730246,TIMESTAMP,2,1.582649091,0.222876203,0.140824776,0.208675455,-20.87%,14.08%
2.027030436,2.483527094,0.733618211,1.252162646,1.303870181,1.663689246,1.698005458,0.022091531,0.048226369,0.041047624,0.145967342,0.037154346,0.087474683,0.075095543,NUMBER,2,1.59455761,0.214683059,0.134634872,0.202721195,-20.27%,13.46%
2.033782956,5.056620326,0.671117169,1.380468174,7.419192763,1.465212534,1.813250813,0.019265276,0.050464779,0.039617967,0.102844193,0.035021374,0.090449483,0.069127904,DIFFICULTY,2,2.834234962,0.92980676,0.328062695,0.417117481,41.71%,32.81%
1.651970165,2.522512568,0.752796843,1.387779813,1.32050071,1.882349426,1.686999976,0.017262274,0.064379239,0.028178135,0.100543376,0.040328643,0.095693635,0.074664654,GASLIMIT,2,1.600701357,0.205977781,0.128679706,0.199649321,-19.96%,12.87%
2.028421953,5.265524274,0.651016624,2.023584643,1.123906508,1.679907466,1.671272283,0.015485353,0.044080309,0.042893184,0.133395986,0.041253188,0.084407059,0.076044345,CHAINID,2,2.06337625,0.565574173,0.274101329,0.031688125,3.17%,27.41%
9.160743478,4.725330394,28.00137084,3.668832487,1.153882792,7.969075777,1.398554865,0.019908874,0.057650333,0.100279422,0.114359092,0.022897727,0.093698239,0.065370731,SELFBALANCE,5,8.011112947,3.523165259,0.439784744,0.602222589,60.22%,43.98%
1.376933128,0.631994192,1.565010955,0.512730969,0.580181457,1.624263017,1.152492569,0.025898319,0.056016679,0.106409066,0.133648365,0.030740983,0.189342374,0.025563685,POP,2,1.063372327,0.182265432,0.171403212,0.468313837,-46.83%,17.14%
4.286087821,2.667846465,1.57281181,5.733839186,4.665727714,3.283367818,5.329892745,0.62077841,0.217092719,0.015088995,0.177890456,0.077092954,0.06014898,0.127870199,MLOAD,3,3.934224794,0.565874907,0.143833903,0.311408265,31.14%,14.38%
13.56759546,1.766192643,2.967557707,4.961778096,11.95350868,15.85182109,2.973509662,0.530777806,0.205076545,0.06055761,0.184973086,0.090843339,0.190570562,0.09121978,MSTORE,3,7.720280478,2.216893851,0.287151983,1.573426826,157.34%,28.72%
3.051528875,0.743893413,1.835505622,5.27027377,4.350768751,4.055495576,2.504644885,0.759677867,0.208779616,0.06334343,0.154422218,0.071051967,0.221462956,0.098432497,MSTORE8,3,3.116015842,0.591460428,0.189813036,0.038671947,3.87%,18.98%
2.43570195,0.458287768,1.030093921,1.853382082,0.979031724,5.424029898,1.997651185,0.10709873,0.121562747,0.025811497,0.151853077,0.026740049,0.186350468,0.033954029,JUMP,8,2.025454075,0.622796201,0.307484731,0.746818241,-74.68%,30.75%
3.106960085,0.824929856,1.137796406,2.761387813,2.464952335,7.903857577,2.406415099,0.197767155,0.0604511,0.030258371,0.282270382,0.079155994,0.314358663,0.124735011,JUMPI,10,2.943757024,0.885483509,0.300800474,0.705624298,-70.56%,30.08%
1.605605789,0.949056418,0.722169771,0.879104968,1.252835241,1.202779833,1.375802395,0.017465338,0.04958654,0.020329494,0.108025369,0.018960582,0.090307893,0.070980581,PC,2,1.141050631,0.11630877,0.101931297,0.429474685,-42.95%,10.19%
1.610639663,0.926316335,0.683585872,1.345593152,1.291361382,1.303959136,1.443903697,0.015967889,0.049181995,0.034159987,0.124724637,0.024066243,0.082074882,0.076146574,MSIZE,2,1.229337034,0.119923327,0.09755122,0.385331483,-38.53%,9.76%
1.614116015,0.966271683,0.773626737,1.20282748,1.182060734,1.284204344,1.378300094,0.016561223,0.051170843,0.026911179,0.106727926,0.021747979,0.074437253,0.069545656,GAS,2,1.200201012,0.103178761,0.0859679,0.399899494,-39.99%,8.60%
1.24601343,0.885997284,0.562778087,0.825383112,0.934110093,0.871139869,0.946159285,0.011178201,0.074648389,0.007794634,0.154286064,0.00534256,0.070765714,0.060759495,JUMPDEST,1,0.895940166,0.07609821,0.08493671,0.104059834,-10.41%,8.49%
1.740016586,0.913205716,0.775954523,1.294502934,6.177017631,2.09941398,1.323272681,0.018975618,0.078738414,0.023198756,0.107501124,0.042245109,0.171603807,0.052741892,PUSH1,3,2.046197721,0.709545568,0.346762955,0.317934093,-31.79%,34.68%
2.475963181,0.934562218,0.726974841,1.902500354,6.484301814,3.779738214,1.342512762,0.024807819,0.128377687,0.025958824,0.107193576,0.04141917,0.200839989,0.072920122,PUSH2,3,2.520936198,0.768438375,0.304822619,0.159687934,-15.97%,30.48%
2.444944554,1.557589839,0.769800079,1.670460999,6.783822511,3.878928939,1.418809636,0.017310515,0.082610052,0.030809166,0.114933822,0.045467975,0.139458677,0.077581368,PUSH3,3,2.646336651,0.784440151,0.296424928,0.117887783,-11.79%,29.64%
2.398160281,1.599263575,0.819653779,1.713820389,7.002459289,4.269154542,1.384973631,0.020757482,0.076682629,0.029537232,0.109208986,0.049293517,0.211572546,0.073249862,PUSH4,3,2.741069355,0.823781488,0.300532887,0.086310215,-8.63%,30.05%
2.453645198,1.317764472,0.753296224,1.700152744,7.237949321,5.165729151,1.420643883,0.016164667,0.104773236,0.02893024,0.11680304,0.036114304,0.219961807,0.074647943,PUSH5,3,2.864168713,0.911324424,0.318181125,0.045277096,-4.53%,31.82%
2.490683969,1.115856103,0.782069275,1.668572553,7.523103899,5.288044534,1.413384947,0.024623608,0.12847517,0.024811817,0.110161233,0.030310404,0.214094501,0.072259889,PUSH6,3,2.897387897,0.959148631,0.331039083,0.034204034,-3.42%,33.10%
2.667616602,1.060430861,0.758713982,1.792888655,7.735904516,6.081427447,1.514971015,0.01947437,0.124032245,0.035641757,0.126604151,0.029653928,0.231100429,0.073343289,PUSH7,3,3.087421868,1.028506635,0.333127988,0.029140623,2.91%,33.31%
2.610061497,1.172539195,0.765193205,1.393283998,7.9248213,6.604590055,1.334668429,0.018957262,0.111237839,0.025498902,0.111465457,0.025250945,0.222566644,0.075783964,PUSH8,3,3.115022526,1.101894635,0.353735688,0.038340842,3.83%,35.37%
2.594881753,1.094953768,0.750023487,1.557098096,8.183658133,6.971786263,1.394925397,0.02161547,0.116993072,0.02129402,0.110441625,0.03591868,0.209095911,0.072326964,PUSH9,3,3.221046699,1.152815527,0.357900905,0.073682233,7.37%,35.79%
2.592362375,1.14054904,0.758110007,1.362854283,8.361526177,7.502033923,1.413033709,0.023467613,0.121639471,0.021196743,0.111477675,0.034271395,0.264260384,0.080734618,PUSH10,3,3.304352788,1.217084369,0.368327611,0.101450929,10.15%,36.83%
2.617546395,1.222627396,0.787347297,1.57668983,8.54094946,7.860287485,1.520005438,0.020696678,0.112682279,0.024441224,0.119902485,0.028140737,0.228842285,0.071537129,PUSH11,3,3.446493329,1.247343589,0.361916728,0.14883111,14.88%,36.19%
2.682190914,1.202994924,0.757090946,1.597088064,8.749413774,8.443452743,1.310432951,0.016093013,0.099412008,0.033663832,0.11829566,0.035927204,0.217430687,0.069600922,PUSH12,3,3.534666331,1.326196939,0.375197208,0.17822211,17.82%,37.52%
2.60861139,1.350068882,0.779092856,1.3026095,8.953938806,8.666625922,1.517429686,0.018420166,0.099790097,0.017714562,0.120350874,0.033854301,0.215313515,0.069892684,PUSH13,3,3.596911006,1.362359236,0.378758116,0.198970335,19.90%,37.88%
2.656679765,1.397145076,0.776522276,1.379849478,9.173191734,9.260091297,1.54182127,0.022302928,0.105863304,0.028389068,0.105361885,0.030283346,0.236582237,0.072782342,PUSH14,3,3.740757271,1.429602248,0.382169209,0.24691909,24.69%,38.22%
2.670985538,1.59903306,0.753320799,1.422814436,9.383420106,9.587932721,1.707762092,0.021962707,0.095068374,0.041012413,0.129256063,0.028889361,0.23319946,0.074642638,PUSH15,3,3.875038393,1.464378496,0.377900384,0.291679464,29.17%,37.79%
2.698835412,1.641475341,0.765969801,1.34804468,9.622285296,9.71654725,1.386690798,0.017117347,0.107534939,0.028707924,0.114084347,0.029486305,0.225587098,0.071444581,PUSH16,3,3.882835511,1.510044015,0.388902391,0.294278504,29.43%,38.89%
2.608328204,1.710167764,0.801737205,1.353433275,9.822748774,10.45872727,1.527147293,0.022404073,0.100145976,0.030545977,0.120215522,0.02381199,0.217971758,0.074761749,PUSH17,3,4.040327112,1.589672474,0.393451429,0.346775704,34.68%,39.35%
2.664213488,1.763904576,0.758706304,1.415785214,10.05828628,11.07771074,1.524571542,0.019742119,0.092672922,0.023219555,0.125753772,0.027402167,0.236752034,0.072691367,PUSH18,3,4.180454019,1.666656345,0.39867831,0.393484673,39.35%,39.87%
2.763992595,1.786577572,0.760735396,1.384280304,10.22137248,11.37404452,1.685282808,0.019744429,0.092836973,0.033315702,0.117546832,0.033769257,0.219847454,0.062831164,PUSH19,3,4.282326525,1.701845943,0.397411532,0.427442175,42.74%,39.74%
2.670746295,1.731190109,0.788859246,1.174797883,10.48039128,11.95326834,1.536396582,0.024176846,0.100716335,0.035739064,0.129658822,0.027171569,0.20550947,0.071401126,PUSH20,3,4.333664248,1.797800065,0.414845259,0.444554749,44.46%,41.48%
2.667562894,1.660320519,0.76332325,1.04533764,10.6694289,12.37294156,1.653476183,0.023743,0.10233473,0.031215105,0.123905026,0.027958212,0.227281655,0.066079286,PUSH21,3,4.404627278,1.860639537,0.422428373,0.468209093,46.82%,42.24%
2.665897956,1.662633845,0.78544098,1.188156673,10.91733375,12.8044629,1.671155203,0.020112084,0.103999389,0.026421363,0.138165725,0.031516941,0.248190768,0.070343026,PUSH22,3,4.527868757,1.916867699,0.423348777,0.509289586,50.93%,42.33%
2.764549202,1.665290826,0.743509979,1.388713213,11.06593564,13.26397912,1.689809886,0.020461133,0.132680702,0.0169644,0.130255911,0.031077197,0.223855517,0.069904511,PUSH23,3,4.654541123,1.966913928,0.422579558,0.551513708,55.15%,42.26%
2.688552833,1.833913393,0.791433152,1.071874175,11.3087274,13.58400912,1.557002592,0.017328338,0.160242713,0.028564676,0.124648839,0.029061471,0.22044695,0.071860959,PUSH24,3,4.690787524,2.030595142,0.432890028,0.563595841,56.36%,43.29%
2.695481123,1.775793411,0.771007978,1.148852182,11.47588068,13.83960683,1.616830268,0.018942289,0.17267614,0.029856765,0.11878242,0.034399702,0.212886592,0.066392821,PUSH25,3,4.76049321,2.067561255,0.434316606,0.58683107,58.68%,43.43%
2.654731641,1.965467677,0.71602292,1.189480934,11.75322358,14.76435494,1.743354291,0.02026281,0.198315122,0.026682825,0.093549353,0.032926011,0.200395387,0.065221293,PUSH26,3,4.969519426,2.177422456,0.438155538,0.656506475,65.65%,43.82%
2.73375517,1.56804809,0.81477869,1.277393636,11.89265107,14.9661777,1.772897377,0.014905278,0.20035903,0.050202256,0.124451638,0.036557949,0.201839567,0.067235536,PUSH27,3,5.003671677,2.21217125,0.442109593,0.667890559,66.79%,44.21%
2.701794217,1.792864157,0.723894705,1.355803784,12.04102089,15.30531949,1.700854395,0.02126062,0.224961375,0.028146313,0.118371635,0.032555378,0.217981607,0.070486208,PUSH28,3,5.08879309,2.255878405,0.443303228,0.696264363,69.63%,44.33%
2.752875105,1.527027913,0.806898157,1.06217047,12.21673984,16.04866645,1.785112682,0.022062742,0.223416732,0.019229823,0.115472925,0.034932208,0.216448415,0.070776198,PUSH29,3,5.171355803,2.362827377,0.456906751,0.723785268,72.38%,45.69%
2.781125346,1.575011139,0.806588939,0.930236813,12.41289986,16.35651493,1.791591086,0.019904027,0.215536833,0.020674386,0.127706174,0.028990624,0.223941394,0.073448108,PUSH30,3,5.236281159,2.413386399,0.460897023,0.745427053,74.54%,46.09%
2.802745129,1.691689344,0.801410913,1.200238985,12.66831982,16.89438349,1.892982021,0.017640206,0.217982518,0.032260772,0.11357076,0.028037407,0.229945112,0.075618034,PUSH31,3,5.421681386,2.471396002,0.455835713,0.807227129,80.72%,45.58%
2.939416531,1.452365546,0.729584869,0.916490184,12.81064058,17.37160638,1.722279962,0.019233069,0.221036749,0.026666023,0.122574552,0.029615253,0.250502819,0.066703959,PUSH32,3,5.420340579,2.560285551,0.472347727,0.806780193,80.68%,47.23%
1.854301649,0.593008718,0.74163431,0.805507095,1.62863072,2.048270623,1.371977795,0.025083223,0.054188836,0.012860766,0.160757276,0.103788079,0.222163612,0.073533359,DUP1,3,1.291904416,0.220173718,0.170425703,0.569365195,-56.94%,17.04%
1.801048042,0.54735536,0.747804188,0.601417898,1.572019985,2.221205426,1.418224238,0.027666929,0.036598345,0.013152379,0.158783306,0.100075758,0.207399915,0.0801682,DUP2,3,1.27272502,0.246008327,0.193292599,0.575758327,-57.58%,19.33%
1.788094726,0.495770183,0.753974046,0.650713823,1.565802866,1.984838571,1.422673262,0.042085484,0.059241118,0.033885893,0.152430084,0.108323755,0.210350353,0.079067088,DUP3,3,1.23740964,0.225305075,0.182078002,0.58753012,-58.75%,18.21%
1.789129819,0.549754067,0.756393744,0.524911031,1.551458085,2.015619846,1.366904346,0.03823985,0.055308504,0.015217593,0.161021918,0.108812391,0.218368087,0.08298099,DUP4,3,1.22202442,0.230715523,0.1887978,0.592658527,-59.27%,18.88%
1.819284241,0.576269731,0.719069866,0.442195455,1.67676568,1.959487183,1.319291974,0.041516565,0.058131268,0.139956256,0.123134617,0.111598801,0.200938756,0.078534016,DUP5,3,1.216052019,0.238779991,0.196356725,0.594649327,-59.46%,19.64%
1.821325133,0.584002745,0.743486777,0.605704547,1.528071247,2.212679548,1.39500345,0.059537918,0.043652934,0.012952107,0.109528933,0.120385303,0.219555424,0.08120231,DUP6,3,1.270039064,0.24220847,0.190709465,0.576653645,-57.67%,19.07%
1.847246413,0.556387313,0.758393045,0.877385453,1.253635517,1.416284,1.348835061,0.029780187,0.03263022,0.013213004,0.151963047,0.055301307,0.104355887,0.080483225,DUP7,3,1.151166686,0.168139442,0.146060031,0.616277771,-61.63%,14.61%
1.710492008,0.527689432,0.767744907,0.870728654,1.148451804,1.539944946,1.406243092,0.052337943,0.043093082,0.039807963,0.150776165,0.06667659,0.096387035,0.078816861,DUP8,3,1.138756406,0.164921932,0.144826348,0.620414531,-62.04%,14.48%
1.811276914,0.53954441,0.748591044,0.66231179,1.607067877,2.062190666,1.406008933,0.024950137,0.061098699,0.020200403,0.13734479,0.097151629,0.240376676,0.085089334,DUP9,3,1.262427376,0.230267761,0.182400798,0.579190875,-57.92%,18.24%
1.773779187,0.55221339,0.737910893,0.602478497,1.50148954,1.863916383,1.416038752,0.028021342,0.060518417,0.014698635,0.152855104,0.092535963,0.241943815,0.081370333,DUP10,3,1.206832378,0.212548886,0.176121299,0.597722541,-59.77%,17.61%
1.778456638,0.591805035,0.778253486,0.599192936,1.525095747,1.328905663,1.378963545,0.027785563,0.059586213,0.013105279,0.137354224,0.123908095,0.095721018,0.082415137,DUP11,3,1.14009615,0.180776435,0.158562447,0.61996795,-62.00%,15.86%
1.80940691,0.600914924,0.761939575,0.74412974,1.628866631,1.953342836,1.407491941,0.028330252,0.059278519,0.010306268,0.140493574,0.101526085,0.208491518,0.08114258,DUP12,3,1.272298937,0.212014673,0.16663904,0.575900354,-57.59%,16.66%
1.79008191,0.515695899,0.852223171,0.688783586,1.491829655,1.352982931,1.460919266,0.050172475,0.071315401,0.056037137,0.140880027,0.102749406,0.106544212,0.084669349,DUP13,3,1.164645203,0.180386963,0.154885765,0.611784932,-61.18%,15.49%
1.834234507,0.597745514,0.755346037,0.980466043,1.10429113,1.472881061,1.420995121,0.032346719,0.05520775,0.02615066,0.155056447,0.056960005,0.087465663,0.07778366,DUP14,3,1.16656563,0.164426441,0.140949156,0.61114479,-61.11%,14.09%
1.81901082,0.624694158,0.773159448,0.692953376,1.689620673,2.067989691,1.394574158,0.029844887,0.054933885,0.012047197,0.139653005,0.08307425,0.214310758,0.078636895,DUP15,3,1.294571761,0.224765869,0.173621792,0.56847608,-56.85%,17.36%
1.834576283,0.635250198,0.752253743,0.832783461,1.425119579,1.219724419,1.422868395,0.032847486,0.078783299,0.01375376,0.151184313,0.116564555,0.091279786,0.085009993,DUP16,3,1.160368011,0.165234136,0.142398045,0.613210663,-61.32%,14.24%
1.90040237,0.919050939,1.785867996,0.743562539,0.769245685,1.854985646,2.177251293,0.037335673,0.055500351,0.077988181,0.162666716,0.025120607,0.156293639,0.030377482,SWAP1,3,1.450052352,0.231607459,0.159723515,0.516649216,-51.66%,15.97%
1.964421927,0.888179501,1.770243575,0.998390069,0.773844512,1.806092834,2.105637604,0.032934012,0.047454283,0.078862733,0.104234838,0.025830513,0.163047205,0.024111185,SWAP2,3,1.472401432,0.212531002,0.14434311,0.509199523,-50.92%,14.43%
1.972678262,0.894899342,1.796430813,0.972019998,0.814323392,1.747661995,2.077499473,0.0280251,0.043340904,0.078571561,0.122983471,0.028580785,0.172760121,0.026362836,SWAP3,3,1.467930468,0.207823241,0.141575671,0.510689844,-51.07%,14.16%
1.913448454,0.850466987,1.764962075,0.923131142,0.825682843,1.760534165,2.165153068,0.034172306,0.044639833,0.07718088,0.118035185,0.023094421,0.161419738,0.031480885,SWAP4,3,1.457625533,0.21537655,0.147758492,0.514124822,-51.41%,14.78%
1.929482639,0.893505149,1.748637553,0.68034697,0.801280916,1.811725153,2.208160308,0.030282295,0.040095435,0.076359515,0.123222741,0.021373766,0.149324287,0.02602115,SWAP5,3,1.439019812,0.236380692,0.164265071,0.520326729,-52.03%,16.43%
1.900597671,0.884317324,1.767009324,0.845259304,0.764400638,2.264894594,2.118165121,0.040910334,0.04671031,0.07892924,0.133031982,0.02408471,0.197659746,0.027139642,SWAP6,3,1.506377711,0.246283642,0.16349395,0.497874096,-49.79%,16.35%
1.989376469,0.844872891,1.799540069,1.088336776,0.742531398,2.649035387,2.156098912,0.046393019,0.045654455,0.077875515,0.10645706,0.024893483,0.198042378,0.031696003,SWAP7,3,1.609970272,0.274630673,0.170581208,0.463343243,-46.33%,17.06%
1.871082859,0.915829571,1.779318201,0.93655239,0.769152184,1.726192502,2.165972625,0.02794132,0.044281987,0.077668325,0.131509228,0.030314176,0.175665814,0.031493244,SWAP8,3,1.452014333,0.211972156,0.145984892,0.515995222,-51.60%,14.60%
2.020336506,0.79043005,1.737782451,0.83286636,0.797633645,1.657020962,2.215263137,0.029925493,0.048951505,0.078067797,0.092438754,0.020982687,0.172886235,0.035734443,SWAP9,3,1.43590473,0.232822505,0.162143421,0.52136509,-52.14%,16.21%
1.879920214,0.973770888,1.729017556,1.024569737,0.781783733,3.197346953,2.255109228,0.037756425,0.063673716,0.071399177,0.113005792,0.030291976,0.204993014,0.046335553,SWAP10,3,1.691645473,0.32402435,0.191543888,0.436118176,-43.61%,19.15%
1.834005028,0.827198668,1.766310236,0.914778473,0.74676485,1.809772298,2.062083992,0.036084591,0.053799865,0.09939847,0.128384617,0.024192959,0.138610927,0.036830722,SWAP11,3,1.422987649,0.213551072,0.15007233,0.525670784,-52.57%,15.01%
1.846157612,0.904312317,1.72818167,0.98195029,0.730934118,2.390234519,2.040463292,0.031417837,0.058061981,0.076332387,0.147294146,0.028664756,0.194511917,0.030833924,SWAP12,3,1.517461974,0.242460465,0.159780258,0.494179342,-49.42%,15.98%
1.830523794,0.884083515,1.771675546,0.850860275,0.762117528,2.355380827,2.191144739,0.030167622,0.044886356,0.081399279,0.15655651,0.029837084,0.211669306,0.034295805,SWAP13,3,1.520826603,0.255164783,0.167780326,0.493057799,-49.31%,16.78%
1.865541202,0.906373299,1.642490729,0.779112154,0.772645537,1.710438681,2.15453785,0.042179497,0.05475633,0.093010245,0.133123702,0.029430185,0.167269018,0.034041397,SWAP14,3,1.404448493,0.216235874,0.153964973,0.531850502,-53.19%,15.40%
1.931479588,0.902225356,1.732006657,0.877656783,0.786338925,3.504004667,2.158947849,0.033822061,0.039751818,0.073362655,0.132066922,0.035085474,0.198184473,0.036863119,SWAP15,3,1.698951404,0.367330615,0.216210196,0.433682865,-43.37%,21.62%
1.920655049,0.879944231,1.739140101,0.963531713,0.759354444,3.078044207,2.10376433,0.031953687,0.043958822,0.092987249,0.128101313,0.028750918,0.200540148,0.03680202,SWAP16,3,1.634919153,0.315560519,0.193012919,0.455026949,-45.50%,19.30%
10.6600919,41.0422005,12.34716377,28.0024003,8.251249462,22.27323866,30.31574391,0.033025966,0.055643081,0.222765278,1.111240142,0.077978131,0.071021763,0.081098089,EXP_arg1_cost,50,21.84172693,4.573432641,0.2093897,0.563165461,-56.32%,20.94%
0.002889574,0.00450626,0.010424647,0.000335984,0.112722531,0.001720803,0.002800264,6.72834E-05,3.49531E-05,4.06647E-05,3.97348E-05,0.000135033,2.44968E-05,2.96632E-05,CALLDATACOPY_arg2_cost,3,0.019342866,0.015611037,0.807069503,0.993552378,-99.36%,80.71%
0.003045237,0.004146076,0.010347288,0.000651534,0.000102031,0.001682281,2.9653E-19,0.000113259,4.32129E-05,4.59736E-05,6.52146E-05,2.7183E-06,2.22737E-05,1.68345E-19,RETURNDATACOPY_arg2_cost,3,0.002853493,0.001378386,0.483052299,0.999048836,-99.90%,48.31%
0.002767216,0.004215134,0.010418455,0.000301993,5.96213E-05,0.020572484,0.00268053,4.9376E-05,5.43734E-05,4.46855E-05,5.45298E-05,9.64588E-06,0.000310058,3.3373E-05,CODECOPY_arg2_cost,3,0.005859348,0.002778114,0.47413362,0.998046884,-99.80%,47.41%
11.52275911,10.19197127,6.440165967,6.160395166,1.948899135,6.789220561,13.38085089,0.065973908,0.085374524,0.097455839,0.32819512,0.073065102,0.400295648,0.415257041,DIV_expensive_cost,5,8.062037443,1.464177181,0.181613791,0.612407489,61.24%,18.16%
12.69877461,13.5914785,9.81332781,7.768161003,1.779725076,7.392945548,19.21335615,0.082335157,0.101715276,0.148276498,0.348537491,0.0861366,0.373299878,0.399226512,SDIV_expensive_cost,5,10.32253838,2.09151017,0.202615877,1.064507677,106.45%,20.26%
11.83423181,11.3344892,9.655988535,6.016775658,2.496683704,6.533206151,12.92459891,0.071055254,0.071071976,0.148787562,0.33167265,0.081873046,0.40409836,0.439207615,MOD_expensive_cost,5,8.685139137,1.430112949,0.164662065,0.737027827,73.70%,16.47%
12.20518031,13.41334837,9.513924789,7.678930178,1.967797828,6.492879363,13.64584075,0.066706523,0.106944706,0.148782385,0.369346095,0.064220057,0.391331521,0.401015317,SMOD_expensive_cost,5,9.27398594,1.607690211,0.173354825,0.854797188,85.48%,17.34%
15.55937854,14.39381417,13.43621973,7.880887768,2.475539536,8.919082669,31.97137332,0.058240843,0.088410453,0.171025604,0.37473651,0.080711647,0.408943919,0.967536352,ADDMOD_expensive_cost,8,13.51947082,3.519777267,0.260348745,0.689933852,68.99%,26.03%
19.27954382,19.42220844,15.33908986,16.12939896,2.685638204,12.55074115,29.65520629,0.07480904,0.089495365,0.20315148,0.624264746,0.076539291,0.470718668,1.062692731,MULMOD_expensive_cost,8,16.43740382,3.075306742,0.187091999,1.054675477,105.47%,18.71%
